Godot Engine v4.6.1.stable.official.14d19694e - https://godotengine.org
Vulkan 1.4.325 - Forward+ - Using Device #0: NVIDIA - NVIDIA GeForce RTX 4070 SUPER

[2J[H[38;2;233;150;122m
--------------------------------------------------------------------------------------------------
GdUnit4 Comandline Tool
--------------------------------------------------------------------------------------------------[0m
Scanning for test suites in: res://test
WARNING: "await" keyword is unnecessary because the expression isn't a coroutine nor a signal.
   at: GDScript::reload (res://test/Systems/Items/test_bounce_modifier.gd:25)
   GDScript backtrace (most recent call first):
       [0] load_with_disabled_warnings (res://addons/gdUnit4/src/core/GdUnitTestSuiteScanner.gd:225)
       [1] _load_is_test_suite (res://addons/gdUnit4/src/core/GdUnitTestSuiteScanner.gd:120)
       [2] _scan_test_suites_scripts (res://addons/gdUnit4/src/core/GdUnitTestSuiteScanner.gd:95)
       [3] _scan_test_suites_scripts (res://addons/gdUnit4/src/core/GdUnitTestSuiteScanner.gd:92)
       [4] _scan_test_suites_scripts (res://addons/gdUnit4/src/core/GdUnitTestSuiteScanner.gd:92)
       [5] scan_directory (res://addons/gdUnit4/src/core/GdUnitTestSuiteScanner.gd:69)
       [6] scan (res://addons/gdUnit4/src/core/GdUnitTestSuiteScanner.gd:54)
       [7] discover_tests (res://addons/gdUnit4/src/core/runners/GdUnitTestCIRunner.gd:406)
       [8] init_gd_unit (res://addons/gdUnit4/src/core/runners/GdUnitTestCIRunner.gd:381)
       [9] init_runner (res://addons/gdUnit4/src/core/runners/GdUnitTestCIRunner.gd:117)
       [10] _process (res://addons/gdUnit4/src/core/runners/GdUnitTestSessionRunner.gd:120)
WARNING: "await" keyword is unnecessary because the expression isn't a coroutine nor a signal.
   at: GDScript::reload (res://test/Systems/Items/test_buff_in_combat.gd:19)
   GDScript backtrace (most recent call first):
       [0] load_with_disabled_warnings (res://addons/gdUnit4/src/core/GdUnitTestSuiteScanner.gd:225)
       [1] _load_is_test_suite (res://addons/gdUnit4/src/core/GdUnitTestSuiteScanner.gd:120)
       [2] _scan_test_suites_scripts (res://addons/gdUnit4/src/core/GdUnitTestSuiteScanner.gd:95)
       [3] _scan_test_suites_scripts (res://addons/gdUnit4/src/core/GdUnitTestSuiteScanner.gd:92)
       [4] _scan_test_suites_scripts (res://addons/gdUnit4/src/core/GdUnitTestSuiteScanner.gd:92)
       [5] scan_directory (res://addons/gdUnit4/src/core/GdUnitTestSuiteScanner.gd:69)
       [6] scan (res://addons/gdUnit4/src/core/GdUnitTestSuiteScanner.gd:54)
       [7] discover_tests (res://addons/gdUnit4/src/core/runners/GdUnitTestCIRunner.gd:406)
       [8] init_gd_unit (res://addons/gdUnit4/src/core/runners/GdUnitTestCIRunner.gd:381)
       [9] init_runner (res://addons/gdUnit4/src/core/runners/GdUnitTestCIRunner.gd:117)
       [10] _process (res://addons/gdUnit4/src/core/runners/GdUnitTestSessionRunner.gd:120)
WARNING: "await" keyword is unnecessary because the expression isn't a coroutine nor a signal.
   at: GDScript::reload (res://test/Systems/Items/test_chain_lightning_modifier.gd:25)
   GDScript backtrace (most recent call first):
       [0] load_with_disabled_warnings (res://addons/gdUnit4/src/core/GdUnitTestSuiteScanner.gd:225)
       [1] _load_is_test_suite (res://addons/gdUnit4/src/core/GdUnitTestSuiteScanner.gd:120)
       [2] _scan_test_suites_scripts (res://addons/gdUnit4/src/core/GdUnitTestSuiteScanner.gd:95)
       [3] _scan_test_suites_scripts (res://addons/gdUnit4/src/core/GdUnitTestSuiteScanner.gd:92)
       [4] _scan_test_suites_scripts (res://addons/gdUnit4/src/core/GdUnitTestSuiteScanner.gd:92)
       [5] scan_directory (res://addons/gdUnit4/src/core/GdUnitTestSuiteScanner.gd:69)
       [6] scan (res://addons/gdUnit4/src/core/GdUnitTestSuiteScanner.gd:54)
       [7] discover_tests (res://addons/gdUnit4/src/core/runners/GdUnitTestCIRunner.gd:406)
       [8] init_gd_unit (res://addons/gdUnit4/src/core/runners/GdUnitTestCIRunner.gd:381)
       [9] init_runner (res://addons/gdUnit4/src/core/runners/GdUnitTestCIRunner.gd:117)
       [10] _process (res://addons/gdUnit4/src/core/runners/GdUnitTestSessionRunner.gd:120)
WARNING: "await" keyword is unnecessary because the expression isn't a coroutine nor a signal.
   at: GDScript::reload (res://test/Systems/Items/test_pierce_stat.gd:29)
   GDScript backtrace (most recent call first):
       [0] load_with_disabled_warnings (res://addons/gdUnit4/src/core/GdUnitTestSuiteScanner.gd:225)
       [1] _load_is_test_suite (res://addons/gdUnit4/src/core/GdUnitTestSuiteScanner.gd:120)
       [2] _scan_test_suites_scripts (res://addons/gdUnit4/src/core/GdUnitTestSuiteScanner.gd:95)
       [3] _scan_test_suites_scripts (res://addons/gdUnit4/src/core/GdUnitTestSuiteScanner.gd:92)
       [4] _scan_test_suites_scripts (res://addons/gdUnit4/src/core/GdUnitTestSuiteScanner.gd:92)
       [5] scan_directory (res://addons/gdUnit4/src/core/GdUnitTestSuiteScanner.gd:69)
       [6] scan (res://addons/gdUnit4/src/core/GdUnitTestSuiteScanner.gd:54)
       [7] discover_tests (res://addons/gdUnit4/src/core/runners/GdUnitTestCIRunner.gd:406)
       [8] init_gd_unit (res://addons/gdUnit4/src/core/runners/GdUnitTestCIRunner.gd:381)
       [9] init_runner (res://addons/gdUnit4/src/core/runners/GdUnitTestCIRunner.gd:117)
       [10] _process (res://addons/gdUnit4/src/core/runners/GdUnitTestSessionRunner.gd:120)
WARNING: "await" keyword is unnecessary because the expression isn't a coroutine nor a signal.
   at: GDScript::reload (res://test/Systems/Items/test_pierce_stat.gd:57)
   GDScript backtrace (most recent call first):
       [0] load_with_disabled_warnings (res://addons/gdUnit4/src/core/GdUnitTestSuiteScanner.gd:225)
       [1] _load_is_test_suite (res://addons/gdUnit4/src/core/GdUnitTestSuiteScanner.gd:120)
       [2] _scan_test_suites_scripts (res://addons/gdUnit4/src/core/GdUnitTestSuiteScanner.gd:95)
       [3] _scan_test_suites_scripts (res://addons/gdUnit4/src/core/GdUnitTestSuiteScanner.gd:92)
       [4] _scan_test_suites_scripts (res://addons/gdUnit4/src/core/GdUnitTestSuiteScanner.gd:92)
       [5] scan_directory (res://addons/gdUnit4/src/core/GdUnitTestSuiteScanner.gd:69)
       [6] scan (res://addons/gdUnit4/src/core/GdUnitTestSuiteScanner.gd:54)
       [7] discover_tests (res://addons/gdUnit4/src/core/runners/GdUnitTestCIRunner.gd:406)
       [8] init_gd_unit (res://addons/gdUnit4/src/core/runners/GdUnitTestCIRunner.gd:381)
       [9] init_runner (res://addons/gdUnit4/src/core/runners/GdUnitTestCIRunner.gd:117)
       [10] _process (res://addons/gdUnit4/src/core/runners/GdUnitTestSessionRunner.gd:120)
WARNING: "await" keyword is unnecessary because the expression isn't a coroutine nor a signal.
   at: GDScript::reload (res://test/Systems/menu/test_shop_stage_gdunit4.gd:11)
   GDScript backtrace (most recent call first):
       [0] load_with_disabled_warnings (res://addons/gdUnit4/src/core/GdUnitTestSuiteScanner.gd:225)
       [1] _load_is_test_suite (res://addons/gdUnit4/src/core/GdUnitTestSuiteScanner.gd:120)
       [2] _scan_test_suites_scripts (res://addons/gdUnit4/src/core/GdUnitTestSuiteScanner.gd:95)
       [3] _scan_test_suites_scripts (res://addons/gdUnit4/src/core/GdUnitTestSuiteScanner.gd:92)
       [4] _scan_test_suites_scripts (res://addons/gdUnit4/src/core/GdUnitTestSuiteScanner.gd:92)
       [5] scan_directory (res://addons/gdUnit4/src/core/GdUnitTestSuiteScanner.gd:69)
       [6] scan (res://addons/gdUnit4/src/core/GdUnitTestSuiteScanner.gd:54)
       [7] discover_tests (res://addons/gdUnit4/src/core/runners/GdUnitTestCIRunner.gd:406)
       [8] init_gd_unit (res://addons/gdUnit4/src/core/runners/GdUnitTestCIRunner.gd:381)
       [9] init_runner (res://addons/gdUnit4/src/core/runners/GdUnitTestCIRunner.gd:117)
       [10] _process (res://addons/gdUnit4/src/core/runners/GdUnitTestSessionRunner.gd:120)
WARNING: The local variable "before" is shadowing an already-declared function at line 61 in the base class "GdUnitTestSuite".
   at: GDScript::reload (res://test/Systems/test_arena_gdunit4.gd:130)
   GDScript backtrace (most recent call first):
       [0] load_with_disabled_warnings (res://addons/gdUnit4/src/core/GdUnitTestSuiteScanner.gd:225)
       [1] _load_is_test_suite (res://addons/gdUnit4/src/core/GdUnitTestSuiteScanner.gd:120)
       [2] _scan_test_suites_scripts (res://addons/gdUnit4/src/core/GdUnitTestSuiteScanner.gd:95)
       [3] _scan_test_suites_scripts (res://addons/gdUnit4/src/core/GdUnitTestSuiteScanner.gd:92)
       [4] scan_directory (res://addons/gdUnit4/src/core/GdUnitTestSuiteScanner.gd:69)
       [5] scan (res://addons/gdUnit4/src/core/GdUnitTestSuiteScanner.gd:54)
       [6] discover_tests (res://addons/gdUnit4/src/core/runners/GdUnitTestCIRunner.gd:406)
       [7] init_gd_unit (res://addons/gdUnit4/src/core/runners/GdUnitTestCIRunner.gd:381)
       [8] init_runner (res://addons/gdUnit4/src/core/runners/GdUnitTestCIRunner.gd:117)
       [9] _process (res://addons/gdUnit4/src/core/runners/GdUnitTestSessionRunner.gd:120)
WARNING: "await" keyword is unnecessary because the expression isn't a coroutine nor a signal.
   at: GDScript::reload (res://test/Systems/test_combat.gd:17)
   GDScript backtrace (most recent call first):
       [0] load_with_disabled_warnings (res://addons/gdUnit4/src/core/GdUnitTestSuiteScanner.gd:225)
       [1] _load_is_test_suite (res://addons/gdUnit4/src/core/GdUnitTestSuiteScanner.gd:120)
       [2] _scan_test_suites_scripts (res://addons/gdUnit4/src/core/GdUnitTestSuiteScanner.gd:95)
       [3] _scan_test_suites_scripts (res://addons/gdUnit4/src/core/GdUnitTestSuiteScanner.gd:92)
       [4] scan_directory (res://addons/gdUnit4/src/core/GdUnitTestSuiteScanner.gd:69)
       [5] scan (res://addons/gdUnit4/src/core/GdUnitTestSuiteScanner.gd:54)
       [6] discover_tests (res://addons/gdUnit4/src/core/runners/GdUnitTestCIRunner.gd:406)
       [7] init_gd_unit (res://addons/gdUnit4/src/core/runners/GdUnitTestCIRunner.gd:381)
       [8] init_runner (res://addons/gdUnit4/src/core/runners/GdUnitTestCIRunner.gd:117)
       [9] _process (res://addons/gdUnit4/src/core/runners/GdUnitTestSessionRunner.gd:120)
WARNING: "await" keyword is unnecessary because the expression isn't a coroutine nor a signal.
   at: GDScript::reload (res://test/Systems/test_combat.gd:20)
   GDScript backtrace (most recent call first):
       [0] load_with_disabled_warnings (res://addons/gdUnit4/src/core/GdUnitTestSuiteScanner.gd:225)
       [1] _load_is_test_suite (res://addons/gdUnit4/src/core/GdUnitTestSuiteScanner.gd:120)
       [2] _scan_test_suites_scripts (res://addons/gdUnit4/src/core/GdUnitTestSuiteScanner.gd:95)
       [3] _scan_test_suites_scripts (res://addons/gdUnit4/src/core/GdUnitTestSuiteScanner.gd:92)
       [4] scan_directory (res://addons/gdUnit4/src/core/GdUnitTestSuiteScanner.gd:69)
       [5] scan (res://addons/gdUnit4/src/core/GdUnitTestSuiteScanner.gd:54)
       [6] discover_tests (res://addons/gdUnit4/src/core/runners/GdUnitTestCIRunner.gd:406)
       [7] init_gd_unit (res://addons/gdUnit4/src/core/runners/GdUnitTestCIRunner.gd:381)
       [8] init_runner (res://addons/gdUnit4/src/core/runners/GdUnitTestCIRunner.gd:117)
       [9] _process (res://addons/gdUnit4/src/core/runners/GdUnitTestSessionRunner.gd:120)
WARNING: "await" keyword is unnecessary because the expression isn't a coroutine nor a signal.
   at: GDScript::reload (res://test/Systems/weapon/test_fist.gd:20)
   GDScript backtrace (most recent call first):
       [0] load_with_disabled_warnings (res://addons/gdUnit4/src/core/GdUnitTestSuiteScanner.gd:225)
       [1] _load_is_test_suite (res://addons/gdUnit4/src/core/GdUnitTestSuiteScanner.gd:120)
       [2] _scan_test_suites_scripts (res://addons/gdUnit4/src/core/GdUnitTestSuiteScanner.gd:95)
       [3] _scan_test_suites_scripts (res://addons/gdUnit4/src/core/GdUnitTestSuiteScanner.gd:92)
       [4] _scan_test_suites_scripts (res://addons/gdUnit4/src/core/GdUnitTestSuiteScanner.gd:92)
       [5] scan_directory (res://addons/gdUnit4/src/core/GdUnitTestSuiteScanner.gd:69)
       [6] scan (res://addons/gdUnit4/src/core/GdUnitTestSuiteScanner.gd:54)
       [7] discover_tests (res://addons/gdUnit4/src/core/runners/GdUnitTestCIRunner.gd:406)
       [8] init_gd_unit (res://addons/gdUnit4/src/core/runners/GdUnitTestCIRunner.gd:381)
       [9] init_runner (res://addons/gdUnit4/src/core/runners/GdUnitTestCIRunner.gd:117)
       [10] _process (res://addons/gdUnit4/src/core/runners/GdUnitTestSessionRunner.gd:120)
WARNING: "await" keyword is unnecessary because the expression isn't a coroutine nor a signal.
   at: GDScript::reload (res://test/Systems/weapon/test_knife.gd:20)
   GDScript backtrace (most recent call first):
       [0] load_with_disabled_warnings (res://addons/gdUnit4/src/core/GdUnitTestSuiteScanner.gd:225)
       [1] _load_is_test_suite (res://addons/gdUnit4/src/core/GdUnitTestSuiteScanner.gd:120)
       [2] _scan_test_suites_scripts (res://addons/gdUnit4/src/core/GdUnitTestSuiteScanner.gd:95)
       [3] _scan_test_suites_scripts (res://addons/gdUnit4/src/core/GdUnitTestSuiteScanner.gd:92)
       [4] _scan_test_suites_scripts (res://addons/gdUnit4/src/core/GdUnitTestSuiteScanner.gd:92)
       [5] scan_directory (res://addons/gdUnit4/src/core/GdUnitTestSuiteScanner.gd:69)
       [6] scan (res://addons/gdUnit4/src/core/GdUnitTestSuiteScanner.gd:54)
       [7] discover_tests (res://addons/gdUnit4/src/core/runners/GdUnitTestCIRunner.gd:406)
       [8] init_gd_unit (res://addons/gdUnit4/src/core/runners/GdUnitTestCIRunner.gd:381)
       [9] init_runner (res://addons/gdUnit4/src/core/runners/GdUnitTestCIRunner.gd:117)
       [10] _process (res://addons/gdUnit4/src/core/runners/GdUnitTestSessionRunner.gd:120)
WARNING: "await" keyword is unnecessary because the expression isn't a coroutine nor a signal.
   at: GDScript::reload (res://test/Systems/weapon/test_pistol.gd:21)
   GDScript backtrace (most recent call first):
       [0] load_with_disabled_warnings (res://addons/gdUnit4/src/core/GdUnitTestSuiteScanner.gd:225)
       [1] _load_is_test_suite (res://addons/gdUnit4/src/core/GdUnitTestSuiteScanner.gd:120)
       [2] _scan_test_suites_scripts (res://addons/gdUnit4/src/core/GdUnitTestSuiteScanner.gd:95)
       [3] _scan_test_suites_scripts (res://addons/gdUnit4/src/core/GdUnitTestSuiteScanner.gd:92)
       [4] _scan_test_suites_scripts (res://addons/gdUnit4/src/core/GdUnitTestSuiteScanner.gd:92)
       [5] scan_directory (res://addons/gdUnit4/src/core/GdUnitTestSuiteScanner.gd:69)
       [6] scan (res://addons/gdUnit4/src/core/GdUnitTestSuiteScanner.gd:54)
       [7] discover_tests (res://addons/gdUnit4/src/core/runners/GdUnitTestCIRunner.gd:406)
       [8] init_gd_unit (res://addons/gdUnit4/src/core/runners/GdUnitTestCIRunner.gd:381)
       [9] init_runner (res://addons/gdUnit4/src/core/runners/GdUnitTestCIRunner.gd:117)
       [10] _process (res://addons/gdUnit4/src/core/runners/GdUnitTestSessionRunner.gd:120)
WARNING: Narrowing conversion (float is converted to int and loses precision).
   at: GDScript::reload (res://test/Systems/weapon/test_shotgun.gd:20)
   GDScript backtrace (most recent call first):
       [0] load_with_disabled_warnings (res://addons/gdUnit4/src/core/GdUnitTestSuiteScanner.gd:225)
       [1] _load_is_test_suite (res://addons/gdUnit4/src/core/GdUnitTestSuiteScanner.gd:120)
       [2] _scan_test_suites_scripts (res://addons/gdUnit4/src/core/GdUnitTestSuiteScanner.gd:95)
       [3] _scan_test_suites_scripts (res://addons/gdUnit4/src/core/GdUnitTestSuiteScanner.gd:92)
       [4] _scan_test_suites_scripts (res://addons/gdUnit4/src/core/GdUnitTestSuiteScanner.gd:92)
       [5] scan_directory (res://addons/gdUnit4/src/core/GdUnitTestSuiteScanner.gd:69)
       [6] scan (res://addons/gdUnit4/src/core/GdUnitTestSuiteScanner.gd:54)
       [7] discover_tests (res://addons/gdUnit4/src/core/runners/GdUnitTestCIRunner.gd:406)
       [8] init_gd_unit (res://addons/gdUnit4/src/core/runners/GdUnitTestCIRunner.gd:381)
       [9] init_runner (res://addons/gdUnit4/src/core/runners/GdUnitTestCIRunner.gd:117)
       [10] _process (res://addons/gdUnit4/src/core/runners/GdUnitTestSessionRunner.gd:120)
WARNING: "await" keyword is unnecessary because the expression isn't a coroutine nor a signal.
   at: GDScript::reload (res://test/Systems/weapon/test_shotgun.gd:20)
   GDScript backtrace (most recent call first):
       [0] load_with_disabled_warnings (res://addons/gdUnit4/src/core/GdUnitTestSuiteScanner.gd:225)
       [1] _load_is_test_suite (res://addons/gdUnit4/src/core/GdUnitTestSuiteScanner.gd:120)
       [2] _scan_test_suites_scripts (res://addons/gdUnit4/src/core/GdUnitTestSuiteScanner.gd:95)
       [3] _scan_test_suites_scripts (res://addons/gdUnit4/src/core/GdUnitTestSuiteScanner.gd:92)
       [4] _scan_test_suites_scripts (res://addons/gdUnit4/src/core/GdUnitTestSuiteScanner.gd:92)
       [5] scan_directory (res://addons/gdUnit4/src/core/GdUnitTestSuiteScanner.gd:69)
       [6] scan (res://addons/gdUnit4/src/core/GdUnitTestSuiteScanner.gd:54)
       [7] discover_tests (res://addons/gdUnit4/src/core/runners/GdUnitTestCIRunner.gd:406)
       [8] init_gd_unit (res://addons/gdUnit4/src/core/runners/GdUnitTestCIRunner.gd:381)
       [9] init_runner (res://addons/gdUnit4/src/core/runners/GdUnitTestCIRunner.gd:117)
       [10] _process (res://addons/gdUnit4/src/core/runners/GdUnitTestSessionRunner.gd:120)
WARNING: "await" keyword is unnecessary because the expression isn't a coroutine nor a signal.
   at: GDScript::reload (res://test/Systems/weapon/test_thorns.gd:22)
   GDScript backtrace (most recent call first):
       [0] load_with_disabled_warnings (res://addons/gdUnit4/src/core/GdUnitTestSuiteScanner.gd:225)
       [1] _load_is_test_suite (res://addons/gdUnit4/src/core/GdUnitTestSuiteScanner.gd:120)
       [2] _scan_test_suites_scripts (res://addons/gdUnit4/src/core/GdUnitTestSuiteScanner.gd:95)
       [3] _scan_test_suites_scripts (res://addons/gdUnit4/src/core/GdUnitTestSuiteScanner.gd:92)
       [4] _scan_test_suites_scripts (res://addons/gdUnit4/src/core/GdUnitTestSuiteScanner.gd:92)
       [5] scan_directory (res://addons/gdUnit4/src/core/GdUnitTestSuiteScanner.gd:69)
       [6] scan (res://addons/gdUnit4/src/core/GdUnitTestSuiteScanner.gd:54)
       [7] discover_tests (res://addons/gdUnit4/src/core/runners/GdUnitTestCIRunner.gd:406)
       [8] init_gd_unit (res://addons/gdUnit4/src/core/runners/GdUnitTestCIRunner.gd:381)
       [9] init_runner (res://addons/gdUnit4/src/core/runners/GdUnitTestCIRunner.gd:117)
       [10] _process (res://addons/gdUnit4/src/core/runners/GdUnitTestSessionRunner.gd:120)
[38;2;100;149;237mInstalling GdUnit4 session system hooks.[0m
[38;2;100;149;237mSession hook 'GdUnitHtmlTestReporter' installed.[0m
[38;2;100;149;237mSession hook 'GdUnitXMLTestReporter' installed.[0m
[38;2;0;206;209mRun Test Suite: [0m[38;2;250;235;215mres://test/gdunit4_test.gd[0m
  [38;2;250;235;215mres://test/gdunit4_test.gd[0m[38;2;128;128;128m > [0m[38;2;250;235;215mtest_simple_assert[0m[38;2;34;139;34m STARTED[0m[38;2;128;128;128m[0m
  [38;2;250;235;215mres://test/gdunit4_test.gd[0m[38;2;128;128;128m > [0m[38;2;250;235;215mtest_simple_assert[0m[38;2;34;139;34m PASSED[0m[38;2;100;149;237m 14ms[0m
[38;2;128;128;128m[0m
[38;2;30;144;255mStatistics:[0m[38;2;128;128;128m 1 test cases | 0 errors | 0 failures | 0 flaky | 0 skipped | 0 orphans |[0m[38;2;34;139;34m PASSED[0m[38;2;100;149;237m 41ms[0m
[38;2;128;128;128m[0m
[38;2;128;128;128m[0m
[38;2;0;206;209mRun Test Suite: [0m[38;2;250;235;215mres://test/Systems/altar/test_item_sacrifice_altar_gdunit4.gd[0m
  [38;2;250;235;215mres://test/Systems/altar/test_item_sacrifice_altar_gdunit4.gd[0m[38;2;128;128;128m > [0m[38;2;250;235;215mtest_add_item_keeps_item_references[0m[38;2;34;139;34m STARTED[0m[38;2;128;128;128m[0m
  [38;2;250;235;215mres://test/Systems/altar/test_item_sacrifice_altar_gdunit4.gd[0m[38;2;128;128;128m > [0m[38;2;250;235;215mtest_add_item_keeps_item_references[0m[38;2;34;139;34m PASSED[0m[38;2;100;149;237m 18ms[0m
[38;2;128;128;128m[0m
[38;2;30;144;255mStatistics:[0m[38;2;128;128;128m 1 test cases | 0 errors | 0 failures | 0 flaky | 0 skipped | 0 orphans |[0m[38;2;34;139;34m PASSED[0m[38;2;100;149;237m 47ms[0m
[38;2;128;128;128m[0m
[38;2;128;128;128m[0m
[38;2;0;206;209mRun Test Suite: [0m[38;2;250;235;215mres://test/Systems/Items/test_bounce_modifier.gd[0m
  [38;2;250;235;215mres://test/Systems/Items/test_bounce_modifier.gd[0m[38;2;128;128;128m > [0m[38;2;250;235;215mtest_bouncing_modifier[0m[38;2;34;139;34m STARTED[0m[38;2;128;128;128m[0m
Character_ui, _on_weapon_changed{ "weapon_inst": ():<Resource#-9223371512063456375>, "hold_owner": Character:<CharacterBody2D#499692603672> }
  [38;2;250;235;215mres://test/Systems/Items/test_bounce_modifier.gd[0m[38;2;128;128;128m > [0m[38;2;250;235;215mtest_bouncing_modifier[0m[38;2;34;139;34m PASSED[0m[38;2;100;149;237m 749ms[0m
[38;2;128;128;128m[0m
[38;2;30;144;255mStatistics:[0m[38;2;128;128;128m 1 test cases | 0 errors | 0 failures | 0 flaky | 0 skipped | 0 orphans |[0m[38;2;34;139;34m PASSED[0m[38;2;100;149;237m 788ms[0m
[38;2;128;128;128m[0m
[38;2;128;128;128m[0m
[38;2;0;206;209mRun Test Suite: [0m[38;2;250;235;215mres://test/Systems/Items/test_buff_in_combat.gd[0m
  [38;2;250;235;215mres://test/Systems/Items/test_buff_in_combat.gd[0m[38;2;128;128;128m > [0m[38;2;250;235;215mtest_add_buff_item_to_character_in_combat[0m[38;2;34;139;34m STARTED[0m[38;2;128;128;128m[0m
  [38;2;250;235;215mres://test/Systems/Items/test_buff_in_combat.gd[0m[38;2;128;128;128m > [0m[38;2;250;235;215mtest_add_buff_item_to_character_in_combat[0m[38;2;34;139;34m PASSED[0m[38;2;100;149;237m 580ms[0m
[38;2;128;128;128m[0m
[38;2;30;144;255mStatistics:[0m[38;2;128;128;128m 1 test cases | 0 errors | 0 failures | 0 flaky | 0 skipped | 0 orphans |[0m[38;2;34;139;34m PASSED[0m[38;2;100;149;237m 632ms[0m
[38;2;128;128;128m[0m
[38;2;128;128;128m[0m
[38;2;0;206;209mRun Test Suite: [0m[38;2;250;235;215mres://test/Systems/Items/test_chain_lightning_modifier.gd[0m
  [38;2;250;235;215mres://test/Systems/Items/test_chain_lightning_modifier.gd[0m[38;2;128;128;128m > [0m[38;2;250;235;215mtest_bouncing_modifier[0m[38;2;34;139;34m STARTED[0m[38;2;128;128;128m[0m
Projectile ignoring enemy:Enemy
Projectile ignoring enemy:Enemy
  [38;2;250;235;215mres://test/Systems/Items/test_chain_lightning_modifier.gd[0m[38;2;128;128;128m > [0m[38;2;250;235;215mtest_bouncing_modifier[0m[38;2;34;139;34m PASSED[0m[38;2;100;149;237m 749ms[0m
[38;2;128;128;128m[0m
[38;2;30;144;255mStatistics:[0m[38;2;128;128;128m 1 test cases | 0 errors | 0 failures | 0 flaky | 0 skipped | 0 orphans |[0m[38;2;34;139;34m PASSED[0m[38;2;100;149;237m 792ms[0m
[38;2;128;128;128m[0m
[38;2;128;128;128m[0m
[38;2;0;206;209mRun Test Suite: [0m[38;2;250;235;215mres://test/Systems/Items/test_item_builder.gd[0m
  [38;2;250;235;215mres://test/Systems/Items/test_item_builder.gd[0m[38;2;128;128;128m > [0m[38;2;250;235;215mtest_make_stat_item[0m[38;2;34;139;34m STARTED[0m[38;2;128;128;128m[0m
  [38;2;250;235;215mres://test/Systems/Items/test_item_builder.gd[0m[38;2;128;128;128m > [0m[38;2;250;235;215mtest_make_stat_item[0m[38;2;34;139;34m PASSED[0m[38;2;100;149;237m 14ms[0m
[38;2;128;128;128m[0m
  [38;2;250;235;215mres://test/Systems/Items/test_item_builder.gd[0m[38;2;128;128;128m > [0m[38;2;250;235;215mtest_make_effect_item[0m[38;2;34;139;34m STARTED[0m[38;2;128;128;128m[0m
  [38;2;250;235;215mres://test/Systems/Items/test_item_builder.gd[0m[38;2;128;128;128m > [0m[38;2;250;235;215mtest_make_effect_item[0m[38;2;34;139;34m PASSED[0m[38;2;100;149;237m 16ms[0m
[38;2;128;128;128m[0m
  [38;2;250;235;215mres://test/Systems/Items/test_item_builder.gd[0m[38;2;128;128;128m > [0m[38;2;250;235;215mtest_make_buff_item[0m[38;2;34;139;34m STARTED[0m[38;2;128;128;128m[0m
  [38;2;250;235;215mres://test/Systems/Items/test_item_builder.gd[0m[38;2;128;128;128m > [0m[38;2;250;235;215mtest_make_buff_item[0m[38;2;34;139;34m PASSED[0m[38;2;100;149;237m 16ms[0m
[38;2;128;128;128m[0m
  [38;2;250;235;215mres://test/Systems/Items/test_item_builder.gd[0m[38;2;128;128;128m > [0m[38;2;250;235;215mtest_make_debuff_item[0m[38;2;34;139;34m STARTED[0m[38;2;128;128;128m[0m
  [38;2;250;235;215mres://test/Systems/Items/test_item_builder.gd[0m[38;2;128;128;128m > [0m[38;2;250;235;215mtest_make_debuff_item[0m[38;2;34;139;34m PASSED[0m[38;2;100;149;237m 16ms[0m
[38;2;128;128;128m[0m
  [38;2;250;235;215mres://test/Systems/Items/test_item_builder.gd[0m[38;2;128;128;128m > [0m[38;2;250;235;215mtest_pack_instance_preserves_config[0m[38;2;34;139;34m STARTED[0m[38;2;128;128;128m[0m
  [38;2;250;235;215mres://test/Systems/Items/test_item_builder.gd[0m[38;2;128;128;128m > [0m[38;2;250;235;215mtest_pack_instance_preserves_config[0m[38;2;34;139;34m PASSED[0m[38;2;100;149;237m 15ms[0m
[38;2;128;128;128m[0m
  [38;2;250;235;215mres://test/Systems/Items/test_item_builder.gd[0m[38;2;128;128;128m > [0m[38;2;250;235;215mtest_load_scenes_from_dir_returns_packed_scenes[0m[38;2;34;139;34m STARTED[0m[38;2;128;128;128m[0m
  [38;2;250;235;215mres://test/Systems/Items/test_item_builder.gd[0m[38;2;128;128;128m > [0m[38;2;250;235;215mtest_load_scenes_from_dir_returns_packed_scenes[0m[38;2;34;139;34m PASSED[0m[38;2;100;149;237m 114ms[0m
[38;2;128;128;128m[0m
[38;2;30;144;255mStatistics:[0m[38;2;128;128;128m 6 test cases | 0 errors | 0 failures | 0 flaky | 0 skipped | 0 orphans |[0m[38;2;34;139;34m PASSED[0m[38;2;100;149;237m 314ms[0m
[38;2;128;128;128m[0m
[38;2;128;128;128m[0m
[38;2;0;206;209mRun Test Suite: [0m[38;2;250;235;215mres://test/Systems/Items/test_item_creation_buff.gd[0m
  [38;2;250;235;215mres://test/Systems/Items/test_item_creation_buff.gd[0m[38;2;128;128;128m > [0m[38;2;250;235;215mtest_stat_creation_buff[0m[38;2;34;139;34m STARTED[0m[38;2;128;128;128m[0m
  [38;2;250;235;215mres://test/Systems/Items/test_item_creation_buff.gd[0m[38;2;128;128;128m > [0m[38;2;250;235;215mtest_stat_creation_buff[0m[38;2;34;139;34m PASSED[0m[38;2;100;149;237m 25ms[0m
[38;2;128;128;128m[0m
[38;2;30;144;255mStatistics:[0m[38;2;128;128;128m 1 test cases | 0 errors | 0 failures | 0 flaky | 0 skipped | 0 orphans |[0m[38;2;34;139;34m PASSED[0m[38;2;100;149;237m 51ms[0m
[38;2;128;128;128m[0m
[38;2;128;128;128m[0m
[38;2;0;206;209mRun Test Suite: [0m[38;2;250;235;215mres://test/Systems/Items/test_item_creation_debuff.gd[0m
  [38;2;250;235;215mres://test/Systems/Items/test_item_creation_debuff.gd[0m[38;2;128;128;128m > [0m[38;2;250;235;215mtest_stat_creation_debuff[0m[38;2;34;139;34m STARTED[0m[38;2;128;128;128m[0m
  [38;2;250;235;215mres://test/Systems/Items/test_item_creation_debuff.gd[0m[38;2;128;128;128m > [0m[38;2;250;235;215mtest_stat_creation_debuff[0m[38;2;34;139;34m PASSED[0m[38;2;100;149;237m 23ms[0m
[38;2;128;128;128m[0m
[38;2;30;144;255mStatistics:[0m[38;2;128;128;128m 1 test cases | 0 errors | 0 failures | 0 flaky | 0 skipped | 0 orphans |[0m[38;2;34;139;34m PASSED[0m[38;2;100;149;237m 50ms[0m
[38;2;128;128;128m[0m
[38;2;128;128;128m[0m
[38;2;0;206;209mRun Test Suite: [0m[38;2;250;235;215mres://test/Systems/Items/test_item_creation_effect.gd[0m
  [38;2;250;235;215mres://test/Systems/Items/test_item_creation_effect.gd[0m[38;2;128;128;128m > [0m[38;2;250;235;215mtest_stat_creation_effect[0m[38;2;34;139;34m STARTED[0m[38;2;128;128;128m[0m
  [38;2;250;235;215mres://test/Systems/Items/test_item_creation_effect.gd[0m[38;2;128;128;128m > [0m[38;2;250;235;215mtest_stat_creation_effect[0m[38;2;34;139;34m PASSED[0m[38;2;100;149;237m 21ms[0m
[38;2;128;128;128m[0m
[38;2;30;144;255mStatistics:[0m[38;2;128;128;128m 1 test cases | 0 errors | 0 failures | 0 flaky | 0 skipped | 0 orphans |[0m[38;2;34;139;34m PASSED[0m[38;2;100;149;237m 51ms[0m
[38;2;128;128;128m[0m
[38;2;128;128;128m[0m
[38;2;0;206;209mRun Test Suite: [0m[38;2;250;235;215mres://test/Systems/Items/test_item_creation_stat.gd[0m
  [38;2;250;235;215mres://test/Systems/Items/test_item_creation_stat.gd[0m[38;2;128;128;128m > [0m[38;2;250;235;215mtest_stat_creation_stat[0m[38;2;34;139;34m STARTED[0m[38;2;128;128;128m[0m
  [38;2;250;235;215mres://test/Systems/Items/test_item_creation_stat.gd[0m[38;2;128;128;128m > [0m[38;2;250;235;215mtest_stat_creation_stat[0m[38;2;34;139;34m PASSED[0m[38;2;100;149;237m 21ms[0m
[38;2;128;128;128m[0m
[38;2;30;144;255mStatistics:[0m[38;2;128;128;128m 1 test cases | 0 errors | 0 failures | 0 flaky | 0 skipped | 0 orphans |[0m[38;2;34;139;34m PASSED[0m[38;2;100;149;237m 47ms[0m
[38;2;128;128;128m[0m
[38;2;128;128;128m[0m
[38;2;0;206;209mRun Test Suite: [0m[38;2;250;235;215mres://test/Systems/Items/test_item_factory_gdunit4.gd[0m
  [38;2;250;235;215mres://test/Systems/Items/test_item_factory_gdunit4.gd[0m[38;2;128;128;128m > [0m[38;2;250;235;215mtest_stat_creation_stat[0m[38;2;34;139;34m STARTED[0m[38;2;128;128;128m[0m
  [38;2;250;235;215mres://test/Systems/Items/test_item_factory_gdunit4.gd[0m[38;2;128;128;128m > [0m[38;2;250;235;215mtest_stat_creation_stat[0m[38;2;34;139;34m PASSED[0m[38;2;100;149;237m 21ms[0m
[38;2;128;128;128m[0m
  [38;2;250;235;215mres://test/Systems/Items/test_item_factory_gdunit4.gd[0m[38;2;128;128;128m > [0m[38;2;250;235;215mtest_stat_creation_effect[0m[38;2;34;139;34m STARTED[0m[38;2;128;128;128m[0m
  [38;2;250;235;215mres://test/Systems/Items/test_item_factory_gdunit4.gd[0m[38;2;128;128;128m > [0m[38;2;250;235;215mtest_stat_creation_effect[0m[38;2;34;139;34m PASSED[0m[38;2;100;149;237m 16ms[0m
[38;2;128;128;128m[0m
  [38;2;250;235;215mres://test/Systems/Items/test_item_factory_gdunit4.gd[0m[38;2;128;128;128m > [0m[38;2;250;235;215mtest_stat_creation_buff[0m[38;2;34;139;34m STARTED[0m[38;2;128;128;128m[0m
  [38;2;250;235;215mres://test/Systems/Items/test_item_factory_gdunit4.gd[0m[38;2;128;128;128m > [0m[38;2;250;235;215mtest_stat_creation_buff[0m[38;2;34;139;34m PASSED[0m[38;2;100;149;237m 16ms[0m
[38;2;128;128;128m[0m
  [38;2;250;235;215mres://test/Systems/Items/test_item_factory_gdunit4.gd[0m[38;2;128;128;128m > [0m[38;2;250;235;215mtest_stat_creation_debuff[0m[38;2;34;139;34m STARTED[0m[38;2;128;128;128m[0m
  [38;2;250;235;215mres://test/Systems/Items/test_item_factory_gdunit4.gd[0m[38;2;128;128;128m > [0m[38;2;250;235;215mtest_stat_creation_debuff[0m[38;2;34;139;34m PASSED[0m[38;2;100;149;237m 15ms[0m
[38;2;128;128;128m[0m
  [38;2;250;235;215mres://test/Systems/Items/test_item_factory_gdunit4.gd[0m[38;2;128;128;128m > [0m[38;2;250;235;215mtest_buff_description_names_actual_trigger[0m[38;2;34;139;34m STARTED[0m[38;2;128;128;128m[0m
  [38;2;250;235;215mres://test/Systems/Items/test_item_factory_gdunit4.gd[0m[38;2;128;128;128m > [0m[38;2;250;235;215mtest_buff_description_names_actual_trigger[0m[38;2;34;139;34m PASSED[0m[38;2;100;149;237m 17ms[0m
[38;2;128;128;128m[0m
  [38;2;250;235;215mres://test/Systems/Items/test_item_factory_gdunit4.gd[0m[38;2;128;128;128m > [0m[38;2;250;235;215mtest_debuff_description_names_actual_trigger[0m[38;2;34;139;34m STARTED[0m[38;2;128;128;128m[0m
  [38;2;250;235;215mres://test/Systems/Items/test_item_factory_gdunit4.gd[0m[38;2;128;128;128m > [0m[38;2;250;235;215mtest_debuff_description_names_actual_trigger[0m[38;2;34;139;34m PASSED[0m[38;2;100;149;237m 16ms[0m
[38;2;128;128;128m[0m
[38;2;30;144;255mStatistics:[0m[38;2;128;128;128m 6 test cases | 0 errors | 0 failures | 0 flaky | 0 skipped | 0 orphans |[0m[38;2;34;139;34m PASSED[0m[38;2;100;149;237m 225ms[0m
[38;2;128;128;128m[0m
[38;2;128;128;128m[0m
[38;2;0;206;209mRun Test Suite: [0m[38;2;250;235;215mres://test/Systems/Items/test_pierce_stat.gd[0m
  [38;2;250;235;215mres://test/Systems/Items/test_pierce_stat.gd[0m[38;2;128;128;128m > [0m[38;2;250;235;215mtest_piercing_stat_hits_enemy_behind[0m[38;2;34;139;34m STARTED[0m[38;2;128;128;128m[0m
Character_ui, _on_weapon_changed{ "weapon_inst": ():<Resource#-9223371324611621957>, "hold_owner": Character:<CharacterBody2D#695633709609> }
  [38;2;250;235;215mres://test/Systems/Items/test_pierce_stat.gd[0m[38;2;128;128;128m > [0m[38;2;250;235;215mtest_piercing_stat_hits_enemy_behind[0m[38;2;34;139;34m PASSED[0m[38;2;100;149;237m 750ms[0m
[38;2;128;128;128m[0m
  [38;2;250;235;215mres://test/Systems/Items/test_pierce_stat.gd[0m[38;2;128;128;128m > [0m[38;2;250;235;215mtest_no_pierce_does_not_hit_enemy_behind[0m[38;2;34;139;34m STARTED[0m[38;2;128;128;128m[0m
Character_ui, _on_weapon_changed{ "weapon_inst": ():<Resource#-9223371298858595389>, "hold_owner": Character:<CharacterBody2D#721789389664> }
  [38;2;250;235;215mres://test/Systems/Items/test_pierce_stat.gd[0m[38;2;128;128;128m > [0m[38;2;250;235;215mtest_no_pierce_does_not_hit_enemy_behind[0m[38;2;34;139;34m PASSED[0m[38;2;100;149;237m 686ms[0m
[38;2;128;128;128m[0m
[38;2;30;144;255mStatistics:[0m[38;2;128;128;128m 2 test cases | 0 errors | 0 failures | 0 flaky | 0 skipped | 0 orphans |[0m[38;2;34;139;34m PASSED[0m[38;2;100;149;237m 1s 503ms[0m
[38;2;128;128;128m[0m
[38;2;128;128;128m[0m
[38;2;0;206;209mRun Test Suite: [0m[38;2;250;235;215mres://test/Systems/menu/test_character_card_gdunit4.gd[0m
  [38;2;250;235;215mres://test/Systems/menu/test_character_card_gdunit4.gd[0m[38;2;128;128;128m > [0m[38;2;250;235;215mtest_tooltip_lines_cover_name_stats_modifiers_items[0m[38;2;34;139;34m STARTED[0m[38;2;128;128;128m[0m
  [38;2;250;235;215mres://test/Systems/menu/test_character_card_gdunit4.gd[0m[38;2;128;128;128m > [0m[38;2;250;235;215mtest_tooltip_lines_cover_name_stats_modifiers_items[0m[38;2;34;139;34m PASSED[0m[38;2;100;149;237m 16ms[0m
[38;2;128;128;128m[0m
  [38;2;250;235;215mres://test/Systems/menu/test_character_card_gdunit4.gd[0m[38;2;128;128;128m > [0m[38;2;250;235;215mtest_item_tooltip_supports_character_data[0m[38;2;34;139;34m STARTED[0m[38;2;128;128;128m[0m
  [38;2;250;235;215mres://test/Systems/menu/test_character_card_gdunit4.gd[0m[38;2;128;128;128m > [0m[38;2;250;235;215mtest_item_tooltip_supports_character_data[0m[38;2;34;139;34m PASSED[0m[38;2;100;149;237m 16ms[0m
[38;2;128;128;128m[0m
  [38;2;250;235;215mres://test/Systems/menu/test_character_card_gdunit4.gd[0m[38;2;128;128;128m > [0m[38;2;250;235;215mtest_card_is_compact_icon_and_name_only[0m[38;2;34;139;34m STARTED[0m[38;2;128;128;128m[0m
  [38;2;250;235;215mres://test/Systems/menu/test_character_card_gdunit4.gd[0m[38;2;128;128;128m > [0m[38;2;250;235;215mtest_card_is_compact_icon_and_name_only[0m[38;2;34;139;34m PASSED[0m[38;2;100;149;237m 17ms[0m
[38;2;128;128;128m[0m
  [38;2;250;235;215mres://test/Systems/menu/test_character_card_gdunit4.gd[0m[38;2;128;128;128m > [0m[38;2;250;235;215mtest_card_click_selects_and_highlights[0m[38;2;34;139;34m STARTED[0m[38;2;128;128;128m[0m
  [38;2;250;235;215mres://test/Systems/menu/test_character_card_gdunit4.gd[0m[38;2;128;128;128m > [0m[38;2;250;235;215mtest_card_click_selects_and_highlights[0m[38;2;34;139;34m PASSED[0m[38;2;100;149;237m 17ms[0m
[38;2;128;128;128m[0m
  [38;2;250;235;215mres://test/Systems/menu/test_character_card_gdunit4.gd[0m[38;2;128;128;128m > [0m[38;2;250;235;215mtest_character_select_uses_compact_cards_and_detail_panel[0m[38;2;34;139;34m STARTED[0m[38;2;128;128;128m[0m
  [38;2;250;235;215mres://test/Systems/menu/test_character_card_gdunit4.gd[0m[38;2;128;128;128m > [0m[38;2;250;235;215mtest_character_select_uses_compact_cards_and_detail_panel[0m[38;2;34;139;34m PASSED[0m[38;2;100;149;237m 30ms[0m
[38;2;128;128;128m[0m
  [38;2;250;235;215mres://test/Systems/menu/test_character_card_gdunit4.gd[0m[38;2;128;128;128m > [0m[38;2;250;235;215mtest_card_hover_shows_full_details_without_selecting[0m[38;2;34;139;34m STARTED[0m[38;2;128;128;128m[0m
  [38;2;250;235;215mres://test/Systems/menu/test_character_card_gdunit4.gd[0m[38;2;128;128;128m > [0m[38;2;250;235;215mtest_card_hover_shows_full_details_without_selecting[0m[38;2;34;139;34m PASSED[0m[38;2;100;149;237m 30ms[0m
[38;2;128;128;128m[0m
[38;2;30;144;255mStatistics:[0m[38;2;128;128;128m 6 test cases | 0 errors | 0 failures | 0 flaky | 0 skipped | 0 orphans |[0m[38;2;34;139;34m PASSED[0m[38;2;100;149;237m 254ms[0m
[38;2;128;128;128m[0m
[38;2;128;128;128m[0m
[38;2;0;206;209mRun Test Suite: [0m[38;2;250;235;215mres://test/Systems/menu/test_main_menu_gdunit4.gd[0m
  [38;2;250;235;215mres://test/Systems/menu/test_main_menu_gdunit4.gd[0m[38;2;128;128;128m > [0m[38;2;250;235;215mtest_main_scene_instantiates[0m[38;2;34;139;34m STARTED[0m[38;2;128;128;128m[0m
  [38;2;250;235;215mres://test/Systems/menu/test_main_menu_gdunit4.gd[0m[38;2;128;128;128m > [0m[38;2;250;235;215mtest_main_scene_instantiates[0m[38;2;34;139;34m PASSED[0m[38;2;100;149;237m 31ms[0m
[38;2;128;128;128m[0m
  [38;2;250;235;215mres://test/Systems/menu/test_main_menu_gdunit4.gd[0m[38;2;128;128;128m > [0m[38;2;250;235;215mtest_main_menu_has_basic_buttons[0m[38;2;34;139;34m STARTED[0m[38;2;128;128;128m[0m
  [38;2;250;235;215mres://test/Systems/menu/test_main_menu_gdunit4.gd[0m[38;2;128;128;128m > [0m[38;2;250;235;215mtest_main_menu_has_basic_buttons[0m[38;2;34;139;34m PASSED[0m[38;2;100;149;237m 19ms[0m
[38;2;128;128;128m[0m
  [38;2;250;235;215mres://test/Systems/menu/test_main_menu_gdunit4.gd[0m[38;2;128;128;128m > [0m[38;2;250;235;215mtest_options_menu_hidden_initially[0m[38;2;34;139;34m STARTED[0m[38;2;128;128;128m[0m
  [38;2;250;235;215mres://test/Systems/menu/test_main_menu_gdunit4.gd[0m[38;2;128;128;128m > [0m[38;2;250;235;215mtest_options_menu_hidden_initially[0m[38;2;34;139;34m PASSED[0m[38;2;100;149;237m 18ms[0m
[38;2;128;128;128m[0m
  [38;2;250;235;215mres://test/Systems/menu/test_main_menu_gdunit4.gd[0m[38;2;128;128;128m > [0m[38;2;250;235;215mtest_options_button_shows_options_menu[0m[38;2;34;139;34m STARTED[0m[38;2;128;128;128m[0m
  [38;2;250;235;215mres://test/Systems/menu/test_main_menu_gdunit4.gd[0m[38;2;128;128;128m > [0m[38;2;250;235;215mtest_options_button_shows_options_menu[0m[38;2;34;139;34m PASSED[0m[38;2;100;149;237m 19ms[0m
[38;2;128;128;128m[0m
[38;2;30;144;255mStatistics:[0m[38;2;128;128;128m 4 test cases | 0 errors | 0 failures | 0 flaky | 0 skipped | 0 orphans |[0m[38;2;34;139;34m PASSED[0m[38;2;100;149;237m 170ms[0m
[38;2;128;128;128m[0m
[38;2;128;128;128m[0m
[38;2;0;206;209mRun Test Suite: [0m[38;2;250;235;215mres://test/Systems/menu/test_pause_menu_gdunit4.gd[0m
  [38;2;250;235;215mres://test/Systems/menu/test_pause_menu_gdunit4.gd[0m[38;2;128;128;128m > [0m[38;2;250;235;215mtest_pause_menu_has_main_menu_button[0m[38;2;34;139;34m STARTED[0m[38;2;128;128;128m[0m
ERROR: BuffUI: No character assigned! Use set_character().
   at: push_error (core/variant/variant_utility.cpp:1024)
   GDScript backtrace (most recent call first):
       [0] _ready (res://src/ui/buff_ui.gd:18)
       [1] before_test (res://test/Systems/menu/test_pause_menu_gdunit4.gd:12)
       [2] _execute (res://addons/gdUnit4/src/core/execution/stages/GdUnitTestCaseBeforeStage.gd:18)
       [3] execute (res://addons/gdUnit4/src/core/execution/stages/IGdUnitExecutionStage.gd:19)
       [4] _execute (res://addons/gdUnit4/src/core/execution/stages/single/GdUnitTestCaseSingleExecutionStage.gd:15)
       [5] execute (res://addons/gdUnit4/src/core/execution/stages/IGdUnitExecutionStage.gd:19)
       [6] _execute (res://addons/gdUnit4/src/core/execution/stages/GdUnitTestCaseExecutionStage.gd:25)
       [7] execute (res://addons/gdUnit4/src/core/execution/stages/IGdUnitExecutionStage.gd:19)
       [8] _execute (res://addons/gdUnit4/src/core/execution/stages/GdUnitTestSuiteExecutionStage.gd:35)
ERROR: CharacterUI: No character assigned! Set the 'character' export or call set_character(character).
   at: push_error (core/variant/variant_utility.cpp:1024)
   GDScript backtrace (most recent call first):
       [0] _ready (res://src/ui/character_ui.gd:20)
       [1] before_test (res://test/Systems/menu/test_pause_menu_gdunit4.gd:12)
       [2] _execute (res://addons/gdUnit4/src/core/execution/stages/GdUnitTestCaseBeforeStage.gd:18)
       [3] execute (res://addons/gdUnit4/src/core/execution/stages/IGdUnitExecutionStage.gd:19)
       [4] _execute (res://addons/gdUnit4/src/core/execution/stages/single/GdUnitTestCaseSingleExecutionStage.gd:15)
       [5] execute (res://addons/gdUnit4/src/core/execution/stages/IGdUnitExecutionStage.gd:19)
       [6] _execute (res://addons/gdUnit4/src/core/execution/stages/GdUnitTestCaseExecutionStage.gd:25)
       [7] execute (res://addons/gdUnit4/src/core/execution/stages/IGdUnitExecutionStage.gd:19)
       [8] _execute (res://addons/gdUnit4/src/core/execution/stages/GdUnitTestSuiteExecutionStage.gd:35)
  [38;2;250;235;215mres://test/Systems/menu/test_pause_menu_gdunit4.gd[0m[38;2;128;128;128m > [0m[38;2;250;235;215mtest_pause_menu_has_main_menu_button[0m[38;2;34;139;34m PASSED[0m[38;2;100;149;237m 45ms[0m
[38;2;128;128;128m[0m
  [38;2;250;235;215mres://test/Systems/menu/test_pause_menu_gdunit4.gd[0m[38;2;128;128;128m > [0m[38;2;250;235;215mtest_main_menu_button_opens_main_scene[0m[38;2;34;139;34m STARTED[0m[38;2;128;128;128m[0m
ERROR: BuffUI: No character assigned! Use set_character().
   at: push_error (core/variant/variant_utility.cpp:1024)
   GDScript backtrace (most recent call first):
       [0] _ready (res://src/ui/buff_ui.gd:18)
       [1] before_test (res://test/Systems/menu/test_pause_menu_gdunit4.gd:12)
       [2] _execute (res://addons/gdUnit4/src/core/execution/stages/GdUnitTestCaseBeforeStage.gd:18)
       [3] execute (res://addons/gdUnit4/src/core/execution/stages/IGdUnitExecutionStage.gd:19)
       [4] _execute (res://addons/gdUnit4/src/core/execution/stages/single/GdUnitTestCaseSingleExecutionStage.gd:15)
       [5] execute (res://addons/gdUnit4/src/core/execution/stages/IGdUnitExecutionStage.gd:19)
       [6] _execute (res://addons/gdUnit4/src/core/execution/stages/GdUnitTestCaseExecutionStage.gd:25)
       [7] execute (res://addons/gdUnit4/src/core/execution/stages/IGdUnitExecutionStage.gd:19)
       [8] _execute (res://addons/gdUnit4/src/core/execution/stages/GdUnitTestSuiteExecutionStage.gd:35)
       [9] execute (res://addons/gdUnit4/src/core/execution/stages/IGdUnitExecutionStage.gd:19)
       [10] _execute (res://addons/gdUnit4/src/core/execution/stages/GdUnitTestCaseExecutionStage.gd:33)
       [11] execute (res://addons/gdUnit4/src/core/execution/stages/IGdUnitExecutionStage.gd:19)
       [12] _execute (res://addons/gdUnit4/src/core/execution/stages/single/GdUnitTestCaseSingleExecutionStage.gd:28)
       [13] execute (res://addons/gdUnit4/src/core/execution/stages/IGdUnitExecutionStage.gd:19)
       [14] _execute (res://addons/gdUnit4/src/core/execution/stages/single/GdUnitTestCaseSingleTestStage.gd:10)
       [15] execute (res://addons/gdUnit4/src/core/_TestCase.gd:41)
       [16] test_completed (res://addons/gdUnit4/src/core/_TestCase.gd:86)
ERROR: CharacterUI: No character assigned! Set the 'character' export or call set_character(character).
   at: push_error (core/variant/variant_utility.cpp:1024)
   GDScript backtrace (most recent call first):
       [0] _ready (res://src/ui/character_ui.gd:20)
       [1] before_test (res://test/Systems/menu/test_pause_menu_gdunit4.gd:12)
       [2] _execute (res://addons/gdUnit4/src/core/execution/stages/GdUnitTestCaseBeforeStage.gd:18)
       [3] execute (res://addons/gdUnit4/src/core/execution/stages/IGdUnitExecutionStage.gd:19)
       [4] _execute (res://addons/gdUnit4/src/core/execution/stages/single/GdUnitTestCaseSingleExecutionStage.gd:15)
       [5] execute (res://addons/gdUnit4/src/core/execution/stages/IGdUnitExecutionStage.gd:19)
       [6] _execute (res://addons/gdUnit4/src/core/execution/stages/GdUnitTestCaseExecutionStage.gd:25)
       [7] execute (res://addons/gdUnit4/src/core/execution/stages/IGdUnitExecutionStage.gd:19)
       [8] _execute (res://addons/gdUnit4/src/core/execution/stages/GdUnitTestSuiteExecutionStage.gd:35)
       [9] execute (res://addons/gdUnit4/src/core/execution/stages/IGdUnitExecutionStage.gd:19)
       [10] _execute (res://addons/gdUnit4/src/core/execution/stages/GdUnitTestCaseExecutionStage.gd:33)
       [11] execute (res://addons/gdUnit4/src/core/execution/stages/IGdUnitExecutionStage.gd:19)
       [12] _execute (res://addons/gdUnit4/src/core/execution/stages/single/GdUnitTestCaseSingleExecutionStage.gd:28)
       [13] execute (res://addons/gdUnit4/src/core/execution/stages/IGdUnitExecutionStage.gd:19)
       [14] _execute (res://addons/gdUnit4/src/core/execution/stages/single/GdUnitTestCaseSingleTestStage.gd:10)
       [15] execute (res://addons/gdUnit4/src/core/_TestCase.gd:41)
       [16] test_completed (res://addons/gdUnit4/src/core/_TestCase.gd:86)
  [38;2;250;235;215mres://test/Systems/menu/test_pause_menu_gdunit4.gd[0m[38;2;128;128;128m > [0m[38;2;250;235;215mtest_main_menu_button_opens_main_scene[0m[38;2;34;139;34m PASSED[0m[38;2;100;149;237m 33ms[0m
[38;2;128;128;128m[0m
[38;2;30;144;255mStatistics:[0m[38;2;128;128;128m 2 test cases | 0 errors | 0 failures | 0 flaky | 0 skipped | 0 orphans |[0m[38;2;34;139;34m PASSED[0m[38;2;100;149;237m 139ms[0m
[38;2;128;128;128m[0m
[38;2;128;128;128m[0m
[38;2;0;206;209mRun Test Suite: [0m[38;2;250;235;215mres://test/Systems/menu/test_shop_item_card_gdunit4.gd[0m
  [38;2;250;235;215mres://test/Systems/menu/test_shop_item_card_gdunit4.gd[0m[38;2;128;128;128m > [0m[38;2;250;235;215mtest_card_has_icon_above_tooltip_text[0m[38;2;34;139;34m STARTED[0m[38;2;128;128;128m[0m
  [38;2;250;235;215mres://test/Systems/menu/test_shop_item_card_gdunit4.gd[0m[38;2;128;128;128m > [0m[38;2;250;235;215mtest_card_has_icon_above_tooltip_text[0m[38;2;34;139;34m PASSED[0m[38;2;100;149;237m 16ms[0m
[38;2;128;128;128m[0m
  [38;2;250;235;215mres://test/Systems/menu/test_shop_item_card_gdunit4.gd[0m[38;2;128;128;128m > [0m[38;2;250;235;215mtest_shop_items_are_horizontal_cards[0m[38;2;34;139;34m STARTED[0m[38;2;128;128;128m[0m
  [38;2;250;235;215mres://test/Systems/menu/test_shop_item_card_gdunit4.gd[0m[38;2;128;128;128m > [0m[38;2;250;235;215mtest_shop_items_are_horizontal_cards[0m[38;2;34;139;34m PASSED[0m[38;2;100;149;237m 21ms[0m
[38;2;128;128;128m[0m
  [38;2;250;235;215mres://test/Systems/menu/test_shop_item_card_gdunit4.gd[0m[38;2;128;128;128m > [0m[38;2;250;235;215mtest_buy_button_uses_card[0m[38;2;34;139;34m STARTED[0m[38;2;128;128;128m[0m
  [38;2;250;235;215mres://test/Systems/menu/test_shop_item_card_gdunit4.gd[0m[38;2;128;128;128m > [0m[38;2;250;235;215mtest_buy_button_uses_card[0m[38;2;34;139;34m PASSED[0m[38;2;100;149;237m 27ms[0m
[38;2;128;128;128m[0m
  [38;2;250;235;215mres://test/Systems/menu/test_shop_item_card_gdunit4.gd[0m[38;2;128;128;128m > [0m[38;2;250;235;215mtest_card_text_is_scrollable[0m[38;2;34;139;34m STARTED[0m[38;2;128;128;128m[0m
  [38;2;250;235;215mres://test/Systems/menu/test_shop_item_card_gdunit4.gd[0m[38;2;128;128;128m > [0m[38;2;250;235;215mtest_card_text_is_scrollable[0m[38;2;34;139;34m PASSED[0m[38;2;100;149;237m 17ms[0m
[38;2;128;128;128m[0m
[38;2;30;144;255mStatistics:[0m[38;2;128;128;128m 4 test cases | 0 errors | 0 failures | 0 flaky | 0 skipped | 0 orphans |[0m[38;2;34;139;34m PASSED[0m[38;2;100;149;237m 170ms[0m
[38;2;128;128;128m[0m
[38;2;128;128;128m[0m
[38;2;0;206;209mRun Test Suite: [0m[38;2;250;235;215mres://test/Systems/menu/test_shop_stage_gdunit4.gd[0m
  [38;2;250;235;215mres://test/Systems/menu/test_shop_stage_gdunit4.gd[0m[38;2;128;128;128m > [0m[38;2;250;235;215mtest_shop_stage_opens_shop_automatically[0m[38;2;34;139;34m STARTED[0m[38;2;128;128;128m[0m
  [38;2;250;235;215mres://test/Systems/menu/test_shop_stage_gdunit4.gd[0m[38;2;128;128;128m > [0m[38;2;250;235;215mtest_shop_stage_opens_shop_automatically[0m[38;2;34;139;34m PASSED[0m[38;2;100;149;237m 287ms[0m
[38;2;128;128;128m[0m
[38;2;30;144;255mStatistics:[0m[38;2;128;128;128m 1 test cases | 0 errors | 0 failures | 0 flaky | 0 skipped | 0 orphans |[0m[38;2;34;139;34m PASSED[0m[38;2;100;149;237m 328ms[0m
[38;2;128;128;128m[0m
[38;2;128;128;128m[0m
[38;2;0;206;209mRun Test Suite: [0m[38;2;250;235;215mres://test/Systems/test_arena_gdunit4.gd[0m
  [38;2;250;235;215mres://test/Systems/test_arena_gdunit4.gd[0m[38;2;128;128;128m > [0m[38;2;250;235;215mtest_default_arena_rect_is_centered_medium_big[0m[38;2;34;139;34m STARTED[0m[38;2;128;128;128m[0m
  [38;2;250;235;215mres://test/Systems/test_arena_gdunit4.gd[0m[38;2;128;128;128m > [0m[38;2;250;235;215mtest_default_arena_rect_is_centered_medium_big[0m[38;2;34;139;34m PASSED[0m[38;2;100;149;237m 19ms[0m
[38;2;128;128;128m[0m
  [38;2;250;235;215mres://test/Systems/test_arena_gdunit4.gd[0m[38;2;128;128;128m > [0m[38;2;250;235;215mtest_random_point_inside_stays_in_arena[0m[38;2;34;139;34m STARTED[0m[38;2;128;128;128m[0m
  [38;2;250;235;215mres://test/Systems/test_arena_gdunit4.gd[0m[38;2;128;128;128m > [0m[38;2;250;235;215mtest_random_point_inside_stays_in_arena[0m[38;2;34;139;34m PASSED[0m[38;2;100;149;237m 22ms[0m
[38;2;128;128;128m[0m
  [38;2;250;235;215mres://test/Systems/test_arena_gdunit4.gd[0m[38;2;128;128;128m > [0m[38;2;250;235;215mtest_clamp_to_arena_keeps_inside[0m[38;2;34;139;34m STARTED[0m[38;2;128;128;128m[0m
  [38;2;250;235;215mres://test/Systems/test_arena_gdunit4.gd[0m[38;2;128;128;128m > [0m[38;2;250;235;215mtest_clamp_to_arena_keeps_inside[0m[38;2;34;139;34m PASSED[0m[38;2;100;149;237m 22ms[0m
[38;2;128;128;128m[0m
  [38;2;250;235;215mres://test/Systems/test_arena_gdunit4.gd[0m[38;2;128;128;128m > [0m[38;2;250;235;215mtest_walls_have_four_colliders[0m[38;2;34;139;34m STARTED[0m[38;2;128;128;128m[0m
  [38;2;250;235;215mres://test/Systems/test_arena_gdunit4.gd[0m[38;2;128;128;128m > [0m[38;2;250;235;215mtest_walls_have_four_colliders[0m[38;2;34;139;34m PASSED[0m[38;2;100;149;237m 19ms[0m
[38;2;128;128;128m[0m
  [38;2;250;235;215mres://test/Systems/test_arena_gdunit4.gd[0m[38;2;128;128;128m > [0m[38;2;250;235;215mtest_custom_size_and_colors_apply[0m[38;2;34;139;34m STARTED[0m[38;2;128;128;128m[0m
  [38;2;250;235;215mres://test/Systems/test_arena_gdunit4.gd[0m[38;2;128;128;128m > [0m[38;2;250;235;215mtest_custom_size_and_colors_apply[0m[38;2;34;139;34m PASSED[0m[38;2;100;149;237m 17ms[0m
[38;2;128;128;128m[0m
  [38;2;250;235;215mres://test/Systems/test_arena_gdunit4.gd[0m[38;2;128;128;128m > [0m[38;2;250;235;215mtest_game_with_ground_scene_contains_arena[0m[38;2;34;139;34m STARTED[0m[38;2;128;128;128m[0m
WARNING: The local variable "screen_size" is declared but never used in the block. If this is intended, prefix it with an underscore: "_screen_size".
   at: GDScript::reload (res://src/Scripts/MainScene.gd:8)
   GDScript backtrace (most recent call first):
       [0] test_game_with_ground_scene_contains_arena (res://test/Systems/test_arena_gdunit4.gd:53)
       [1] _execute_test_case (res://addons/gdUnit4/src/core/_TestCase.gd:79)
       [2] execute (res://addons/gdUnit4/src/core/_TestCase.gd:40)
       [3] _execute (res://addons/gdUnit4/src/core/execution/stages/single/GdUnitTestCaseSingleTestStage.gd:10)
       [4] execute (res://addons/gdUnit4/src/core/execution/stages/IGdUnitExecutionStage.gd:19)
       [5] _execute (res://addons/gdUnit4/src/core/execution/stages/single/GdUnitTestCaseSingleExecutionStage.gd:17)
       [6] execute (res://addons/gdUnit4/src/core/execution/stages/IGdUnitExecutionStage.gd:19)
       [7] _execute (res://addons/gdUnit4/src/core/execution/stages/GdUnitTestCaseExecutionStage.gd:25)
       [8] execute (res://addons/gdUnit4/src/core/execution/stages/IGdUnitExecutionStage.gd:19)
       [9] _execute (res://addons/gdUnit4/src/core/execution/stages/GdUnitTestSuiteExecutionStage.gd:35)
       [10] execute (res://addons/gdUnit4/src/core/execution/stages/IGdUnitExecutionStage.gd:19)
       [11] _execute (res://addons/gdUnit4/src/core/execution/stages/GdUnitTestCaseExecutionStage.gd:33)
       [12] execute (res://addons/gdUnit4/src/core/execution/stages/IGdUnitExecutionStage.gd:19)
       [13] _execute (res://addons/gdUnit4/src/core/execution/stages/single/GdUnitTestCaseSingleExecutionStage.gd:28)
       [14] execute (res://addons/gdUnit4/src/core/execution/stages/IGdUnitExecutionStage.gd:19)
       [15] _execute (res://addons/gdUnit4/src/core/execution/stages/GdUnitTestCaseAfterStage.gd:26)
       [16] gc (res://addons/gdUnit4/src/core/execution/GdUnitExecutionContext.gd:298)
       [17] gc (res://addons/gdUnit4/src/core/execution/GdUnitMemoryObserver.gd:129)
  [38;2;250;235;215mres://test/Systems/test_arena_gdunit4.gd[0m[38;2;128;128;128m > [0m[38;2;250;235;215mtest_game_with_ground_scene_contains_arena[0m[38;2;34;139;34m PASSED[0m[38;2;100;149;237m 41ms[0m
[38;2;128;128;128m[0m
  [38;2;250;235;215mres://test/Systems/test_arena_gdunit4.gd[0m[38;2;128;128;128m > [0m[38;2;250;235;215mtest_ground_fills_expected_cell_count[0m[38;2;34;139;34m STARTED[0m[38;2;128;128;128m[0m
  [38;2;250;235;215mres://test/Systems/test_arena_gdunit4.gd[0m[38;2;128;128;128m > [0m[38;2;250;235;215mtest_ground_fills_expected_cell_count[0m[38;2;34;139;34m PASSED[0m[38;2;100;149;237m 20ms[0m
[38;2;128;128;128m[0m
  [38;2;250;235;215mres://test/Systems/test_arena_gdunit4.gd[0m[38;2;128;128;128m > [0m[38;2;250;235;215mtest_ground_tiles_come_from_atlas[0m[38;2;34;139;34m STARTED[0m[38;2;128;128;128m[0m
  [38;2;250;235;215mres://test/Systems/test_arena_gdunit4.gd[0m[38;2;128;128;128m > [0m[38;2;250;235;215mtest_ground_tiles_come_from_atlas[0m[38;2;34;139;34m PASSED[0m[38;2;100;149;237m 37ms[0m
[38;2;128;128;128m[0m
  [38;2;250;235;215mres://test/Systems/test_arena_gdunit4.gd[0m[38;2;128;128;128m > [0m[38;2;250;235;215mtest_plain_tile_is_majority[0m[38;2;34;139;34m STARTED[0m[38;2;128;128;128m[0m
  [38;2;250;235;215mres://test/Systems/test_arena_gdunit4.gd[0m[38;2;128;128;128m > [0m[38;2;250;235;215mtest_plain_tile_is_majority[0m[38;2;34;139;34m PASSED[0m[38;2;100;149;237m 19ms[0m
[38;2;128;128;128m[0m
  [38;2;250;235;215mres://test/Systems/test_arena_gdunit4.gd[0m[38;2;128;128;128m > [0m[38;2;250;235;215mtest_ground_seed_is_deterministic[0m[38;2;34;139;34m STARTED[0m[38;2;128;128;128m[0m
  [38;2;250;235;215mres://test/Systems/test_arena_gdunit4.gd[0m[38;2;128;128;128m > [0m[38;2;250;235;215mtest_ground_seed_is_deterministic[0m[38;2;34;139;34m PASSED[0m[38;2;100;149;237m 33ms[0m
[38;2;128;128;128m[0m
  [38;2;250;235;215mres://test/Systems/test_arena_gdunit4.gd[0m[38;2;128;128;128m > [0m[38;2;250;235;215mtest_outline_frames_ground[0m[38;2;34;139;34m STARTED[0m[38;2;128;128;128m[0m
  [38;2;250;235;215mres://test/Systems/test_arena_gdunit4.gd[0m[38;2;128;128;128m > [0m[38;2;250;235;215mtest_outline_frames_ground[0m[38;2;34;139;34m PASSED[0m[38;2;100;149;237m 19ms[0m
[38;2;128;128;128m[0m
  [38;2;250;235;215mres://test/Systems/test_arena_gdunit4.gd[0m[38;2;128;128;128m > [0m[38;2;250;235;215mtest_outline_color_change_keeps_ground_layout[0m[38;2;34;139;34m STARTED[0m[38;2;128;128;128m[0m
  [38;2;250;235;215mres://test/Systems/test_arena_gdunit4.gd[0m[38;2;128;128;128m > [0m[38;2;250;235;215mtest_outline_color_change_keeps_ground_layout[0m[38;2;34;139;34m PASSED[0m[38;2;100;149;237m 30ms[0m
[38;2;128;128;128m[0m
  [38;2;250;235;215mres://test/Systems/test_arena_gdunit4.gd[0m[38;2;128;128;128m > [0m[38;2;250;235;215mtest_walls_default_outset_sits_faces_past_edge[0m[38;2;34;139;34m STARTED[0m[38;2;128;128;128m[0m
  [38;2;250;235;215mres://test/Systems/test_arena_gdunit4.gd[0m[38;2;128;128;128m > [0m[38;2;250;235;215mtest_walls_default_outset_sits_faces_past_edge[0m[38;2;34;139;34m PASSED[0m[38;2;100;149;237m 19ms[0m
[38;2;128;128;128m[0m
  [38;2;250;235;215mres://test/Systems/test_arena_gdunit4.gd[0m[38;2;128;128;128m > [0m[38;2;250;235;215mtest_custom_wall_outset_applies[0m[38;2;34;139;34m STARTED[0m[38;2;128;128;128m[0m
  [38;2;250;235;215mres://test/Systems/test_arena_gdunit4.gd[0m[38;2;128;128;128m > [0m[38;2;250;235;215mtest_custom_wall_outset_applies[0m[38;2;34;139;34m PASSED[0m[38;2;100;149;237m 20ms[0m
[38;2;128;128;128m[0m
  [38;2;250;235;215mres://test/Systems/test_arena_gdunit4.gd[0m[38;2;128;128;128m > [0m[38;2;250;235;215mtest_wall_outset_never_goes_negative[0m[38;2;34;139;34m STARTED[0m[38;2;128;128;128m[0m
  [38;2;250;235;215mres://test/Systems/test_arena_gdunit4.gd[0m[38;2;128;128;128m > [0m[38;2;250;235;215mtest_wall_outset_never_goes_negative[0m[38;2;34;139;34m PASSED[0m[38;2;100;149;237m 19ms[0m
[38;2;128;128;128m[0m
  [38;2;250;235;215mres://test/Systems/test_arena_gdunit4.gd[0m[38;2;128;128;128m > [0m[38;2;250;235;215mtest_walls_use_dedicated_physics_layer[0m[38;2;34;139;34m STARTED[0m[38;2;128;128;128m[0m
  [38;2;250;235;215mres://test/Systems/test_arena_gdunit4.gd[0m[38;2;128;128;128m > [0m[38;2;250;235;215mtest_walls_use_dedicated_physics_layer[0m[38;2;34;139;34m PASSED[0m[38;2;100;149;237m 19ms[0m
[38;2;128;128;128m[0m
  [38;2;250;235;215mres://test/Systems/test_arena_gdunit4.gd[0m[38;2;128;128;128m > [0m[38;2;250;235;215mtest_character_body_collides_with_walls[0m[38;2;34;139;34m STARTED[0m[38;2;128;128;128m[0m
  [38;2;250;235;215mres://test/Systems/test_arena_gdunit4.gd[0m[38;2;128;128;128m > [0m[38;2;250;235;215mtest_character_body_collides_with_walls[0m[38;2;34;139;34m PASSED[0m[38;2;100;149;237m 22ms[0m
[38;2;128;128;128m[0m
  [38;2;250;235;215mres://test/Systems/test_arena_gdunit4.gd[0m[38;2;128;128;128m > [0m[38;2;250;235;215mtest_enemy_body_collides_with_walls[0m[38;2;34;139;34m STARTED[0m[38;2;128;128;128m[0m
  [38;2;250;235;215mres://test/Systems/test_arena_gdunit4.gd[0m[38;2;128;128;128m > [0m[38;2;250;235;215mtest_enemy_body_collides_with_walls[0m[38;2;34;139;34m PASSED[0m[38;2;100;149;237m 20ms[0m
[38;2;128;128;128m[0m
  [38;2;250;235;215mres://test/Systems/test_arena_gdunit4.gd[0m[38;2;128;128;128m > [0m[38;2;250;235;215mtest_projectiles_and_effects_fly_over_walls[0m[38;2;34;139;34m STARTED[0m[38;2;128;128;128m[0m
  [38;2;250;235;215mres://test/Systems/test_arena_gdunit4.gd[0m[38;2;128;128;128m > [0m[38;2;250;235;215mtest_projectiles_and_effects_fly_over_walls[0m[38;2;34;139;34m PASSED[0m[38;2;100;149;237m 19ms[0m
[38;2;128;128;128m[0m
[38;2;30;144;255mStatistics:[0m[38;2;128;128;128m 19 test cases | 0 errors | 0 failures | 0 flaky | 0 skipped | 0 orphans |[0m[38;2;34;139;34m PASSED[0m[38;2;100;149;237m 794ms[0m
[38;2;128;128;128m[0m
[38;2;128;128;128m[0m
[38;2;0;206;209mRun Test Suite: [0m[38;2;250;235;215mres://test/Systems/test_combat.gd[0m
  [38;2;250;235;215mres://test/Systems/test_combat.gd[0m[38;2;128;128;128m > [0m[38;2;250;235;215mtest_character_in_combat[0m[38;2;34;139;34m STARTED[0m[38;2;128;128;128m[0m
  [38;2;250;235;215mres://test/Systems/test_combat.gd[0m[38;2;128;128;128m > [0m[38;2;250;235;215mtest_character_in_combat[0m[38;2;34;139;34m PASSED[0m[38;2;100;149;237m 1s 181ms[0m
[38;2;128;128;128m[0m
[38;2;30;144;255mStatistics:[0m[38;2;128;128;128m 1 test cases | 0 errors | 0 failures | 0 flaky | 0 skipped | 0 orphans |[0m[38;2;34;139;34m PASSED[0m[38;2;100;149;237m 1s 220ms[0m
[38;2;128;128;128m[0m
[38;2;128;128;128m[0m
[38;2;0;206;209mRun Test Suite: [0m[38;2;250;235;215mres://test/Systems/test_event_contract.gd[0m
  [38;2;250;235;215mres://test/Systems/test_event_contract.gd[0m[38;2;128;128;128m > [0m[38;2;250;235;215mtest_valid_emit_passes_check[0m[38;2;34;139;34m STARTED[0m[38;2;128;128;128m[0m
  [38;2;250;235;215mres://test/Systems/test_event_contract.gd[0m[38;2;128;128;128m > [0m[38;2;250;235;215mtest_valid_emit_passes_check[0m[38;2;34;139;34m PASSED[0m[38;2;100;149;237m 17ms[0m
[38;2;128;128;128m[0m
  [38;2;250;235;215mres://test/Systems/test_event_contract.gd[0m[38;2;128;128;128m > [0m[38;2;250;235;215mtest_unknown_event_rejected_on_emit[0m[38;2;34;139;34m STARTED[0m[38;2;128;128;128m[0m
ERROR: [EventContracts] No schema registered for event 'no_such_event' (UNKNOWN_EVENT)
   at: push_error (core/variant/variant_utility.cpp:1024)
   GDScript backtrace (most recent call first):
       [0] report (res://src/Scripts/event_contract.gd:134)
       [1] emit_event (res://src/Scripts/LocalEventManager.gd:26)
       [2] test_unknown_event_rejected_on_emit (res://test/Systems/test_event_contract.gd:26)
       [3] _execute_test_case (res://addons/gdUnit4/src/core/_TestCase.gd:79)
       [4] execute (res://addons/gdUnit4/src/core/_TestCase.gd:40)
       [5] _execute (res://addons/gdUnit4/src/core/execution/stages/single/GdUnitTestCaseSingleTestStage.gd:10)
       [6] execute (res://addons/gdUnit4/src/core/execution/stages/IGdUnitExecutionStage.gd:19)
       [7] _execute (res://addons/gdUnit4/src/core/execution/stages/single/GdUnitTestCaseSingleExecutionStage.gd:17)
       [8] execute (res://addons/gdUnit4/src/core/execution/stages/IGdUnitExecutionStage.gd:19)
       [9] _execute (res://addons/gdUnit4/src/core/execution/stages/GdUnitTestCaseExecutionStage.gd:25)
       [10] execute (res://addons/gdUnit4/src/core/execution/stages/IGdUnitExecutionStage.gd:19)
       [11] _execute (res://addons/gdUnit4/src/core/execution/stages/GdUnitTestSuiteExecutionStage.gd:35)
       [12] execute (res://addons/gdUnit4/src/core/execution/stages/IGdUnitExecutionStage.gd:19)
       [13] _execute (res://addons/gdUnit4/src/core/execution/stages/GdUnitTestCaseExecutionStage.gd:33)
       [14] execute (res://addons/gdUnit4/src/core/execution/stages/IGdUnitExecutionStage.gd:19)
       [15] _execute (res://addons/gdUnit4/src/core/execution/stages/single/GdUnitTestCaseSingleExecutionStage.gd:28)
       [16] execute (res://addons/gdUnit4/src/core/execution/stages/IGdUnitExecutionStage.gd:19)
       [17] _execute (res://addons/gdUnit4/src/core/execution/stages/single/GdUnitTestCaseSingleTestStage.gd:10)
       [18] execute (res://addons/gdUnit4/src/core/_TestCase.gd:41)
       [19] test_completed (res://addons/gdUnit4/src/core/_TestCase.gd:86)
  [38;2;250;235;215mres://test/Systems/test_event_contract.gd[0m[38;2;128;128;128m > [0m[38;2;250;235;215mtest_unknown_event_rejected_on_emit[0m[38;2;34;139;34m PASSED[0m[38;2;100;149;237m 22ms[0m
[38;2;128;128;128m[0m
  [38;2;250;235;215mres://test/Systems/test_event_contract.gd[0m[38;2;128;128;128m > [0m[38;2;250;235;215mtest_unknown_event_rejected_on_subscribe[0m[38;2;34;139;34m STARTED[0m[38;2;128;128;128m[0m
ERROR: [EventContracts] No schema registered for event 'no_such_event' (UNKNOWN_EVENT)
   at: push_error (core/variant/variant_utility.cpp:1024)
   GDScript backtrace (most recent call first):
       [0] report (res://src/Scripts/event_contract.gd:134)
       [1] subscribe (res://src/Scripts/LocalEventManager.gd:11)
       [2] test_unknown_event_rejected_on_subscribe (res://test/Systems/test_event_contract.gd:31)
       [3] _execute_test_case (res://addons/gdUnit4/src/core/_TestCase.gd:79)
       [4] execute (res://addons/gdUnit4/src/core/_TestCase.gd:40)
       [5] _execute (res://addons/gdUnit4/src/core/execution/stages/single/GdUnitTestCaseSingleTestStage.gd:10)
       [6] execute (res://addons/gdUnit4/src/core/execution/stages/IGdUnitExecutionStage.gd:19)
       [7] _execute (res://addons/gdUnit4/src/core/execution/stages/single/GdUnitTestCaseSingleExecutionStage.gd:17)
       [8] execute (res://addons/gdUnit4/src/core/execution/stages/IGdUnitExecutionStage.gd:19)
       [9] _execute (res://addons/gdUnit4/src/core/execution/stages/GdUnitTestCaseExecutionStage.gd:25)
       [10] execute (res://addons/gdUnit4/src/core/execution/stages/IGdUnitExecutionStage.gd:19)
       [11] _execute (res://addons/gdUnit4/src/core/execution/stages/GdUnitTestSuiteExecutionStage.gd:35)
       [12] execute (res://addons/gdUnit4/src/core/execution/stages/IGdUnitExecutionStage.gd:19)
       [13] _execute (res://addons/gdUnit4/src/core/execution/stages/GdUnitTestCaseExecutionStage.gd:33)
       [14] execute (res://addons/gdUnit4/src/core/execution/stages/IGdUnitExecutionStage.gd:19)
       [15] _execute (res://addons/gdUnit4/src/core/execution/stages/single/GdUnitTestCaseSingleExecutionStage.gd:28)
       [16] execute (res://addons/gdUnit4/src/core/execution/stages/IGdUnitExecutionStage.gd:19)
       [17] _execute (res://addons/gdUnit4/src/core/execution/stages/single/GdUnitTestCaseSingleTestStage.gd:10)
       [18] execute (res://addons/gdUnit4/src/core/_TestCase.gd:41)
       [19] test_completed (res://addons/gdUnit4/src/core/_TestCase.gd:86)
  [38;2;250;235;215mres://test/Systems/test_event_contract.gd[0m[38;2;128;128;128m > [0m[38;2;250;235;215mtest_unknown_event_rejected_on_subscribe[0m[38;2;34;139;34m PASSED[0m[38;2;100;149;237m 22ms[0m
[38;2;128;128;128m[0m
  [38;2;250;235;215mres://test/Systems/test_event_contract.gd[0m[38;2;128;128;128m > [0m[38;2;250;235;215mtest_non_dictionary_payload_rejected[0m[38;2;34;139;34m STARTED[0m[38;2;128;128;128m[0m
ERROR: [EventContracts] Event 'on_heal' expects a single Dictionary payload, not Array (NOT_A_PAYLOAD)
   at: push_error (core/variant/variant_utility.cpp:1024)
   GDScript backtrace (most recent call first):
       [0] report (res://src/Scripts/event_contract.gd:134)
       [1] emit_event (res://src/Scripts/LocalEventManager.gd:26)
       [2] test_non_dictionary_payload_rejected (res://test/Systems/test_event_contract.gd:36)
       [3] _execute_test_case (res://addons/gdUnit4/src/core/_TestCase.gd:79)
       [4] execute (res://addons/gdUnit4/src/core/_TestCase.gd:40)
       [5] _execute (res://addons/gdUnit4/src/core/execution/stages/single/GdUnitTestCaseSingleTestStage.gd:10)
       [6] execute (res://addons/gdUnit4/src/core/execution/stages/IGdUnitExecutionStage.gd:19)
       [7] _execute (res://addons/gdUnit4/src/core/execution/stages/single/GdUnitTestCaseSingleExecutionStage.gd:17)
       [8] execute (res://addons/gdUnit4/src/core/execution/stages/IGdUnitExecutionStage.gd:19)
       [9] _execute (res://addons/gdUnit4/src/core/execution/stages/GdUnitTestCaseExecutionStage.gd:25)
       [10] execute (res://addons/gdUnit4/src/core/execution/stages/IGdUnitExecutionStage.gd:19)
       [11] _execute (res://addons/gdUnit4/src/core/execution/stages/GdUnitTestSuiteExecutionStage.gd:35)
       [12] execute (res://addons/gdUnit4/src/core/execution/stages/IGdUnitExecutionStage.gd:19)
       [13] _execute (res://addons/gdUnit4/src/core/execution/stages/GdUnitTestCaseExecutionStage.gd:33)
       [14] execute (res://addons/gdUnit4/src/core/execution/stages/IGdUnitExecutionStage.gd:19)
       [15] _execute (res://addons/gdUnit4/src/core/execution/stages/single/GdUnitTestCaseSingleExecutionStage.gd:28)
       [16] execute (res://addons/gdUnit4/src/core/execution/stages/IGdUnitExecutionStage.gd:19)
       [17] _execute (res://addons/gdUnit4/src/core/execution/stages/single/GdUnitTestCaseSingleTestStage.gd:10)
       [18] execute (res://addons/gdUnit4/src/core/_TestCase.gd:41)
       [19] test_completed (res://addons/gdUnit4/src/core/_TestCase.gd:86)
  [38;2;250;235;215mres://test/Systems/test_event_contract.gd[0m[38;2;128;128;128m > [0m[38;2;250;235;215mtest_non_dictionary_payload_rejected[0m[38;2;34;139;34m PASSED[0m[38;2;100;149;237m 22ms[0m
[38;2;128;128;128m[0m
  [38;2;250;235;215mres://test/Systems/test_event_contract.gd[0m[38;2;128;128;128m > [0m[38;2;250;235;215mtest_missing_required_key_rejected[0m[38;2;34;139;34m STARTED[0m[38;2;128;128;128m[0m
ERROR: [EventContracts] Event 'on_stat_changes' is missing required key 'final_value' (MISSING_REQUIRED)
   at: push_error (core/variant/variant_utility.cpp:1024)
   GDScript backtrace (most recent call first):
       [0] report (res://src/Scripts/event_contract.gd:134)
       [1] emit_event (res://src/Scripts/LocalEventManager.gd:26)
       [2] test_missing_required_key_rejected (res://test/Systems/test_event_contract.gd:41)
       [3] _execute_test_case (res://addons/gdUnit4/src/core/_TestCase.gd:79)
       [4] execute (res://addons/gdUnit4/src/core/_TestCase.gd:40)
       [5] _execute (res://addons/gdUnit4/src/core/execution/stages/single/GdUnitTestCaseSingleTestStage.gd:10)
       [6] execute (res://addons/gdUnit4/src/core/execution/stages/IGdUnitExecutionStage.gd:19)
       [7] _execute (res://addons/gdUnit4/src/core/execution/stages/single/GdUnitTestCaseSingleExecutionStage.gd:17)
       [8] execute (res://addons/gdUnit4/src/core/execution/stages/IGdUnitExecutionStage.gd:19)
       [9] _execute (res://addons/gdUnit4/src/core/execution/stages/GdUnitTestCaseExecutionStage.gd:25)
       [10] execute (res://addons/gdUnit4/src/core/execution/stages/IGdUnitExecutionStage.gd:19)
       [11] _execute (res://addons/gdUnit4/src/core/execution/stages/GdUnitTestSuiteExecutionStage.gd:35)
       [12] execute (res://addons/gdUnit4/src/core/execution/stages/IGdUnitExecutionStage.gd:19)
       [13] _execute (res://addons/gdUnit4/src/core/execution/stages/GdUnitTestCaseExecutionStage.gd:33)
       [14] execute (res://addons/gdUnit4/src/core/execution/stages/IGdUnitExecutionStage.gd:19)
       [15] _execute (res://addons/gdUnit4/src/core/execution/stages/single/GdUnitTestCaseSingleExecutionStage.gd:28)
       [16] execute (res://addons/gdUnit4/src/core/execution/stages/IGdUnitExecutionStage.gd:19)
       [17] _execute (res://addons/gdUnit4/src/core/execution/stages/single/GdUnitTestCaseSingleTestStage.gd:10)
       [18] execute (res://addons/gdUnit4/src/core/_TestCase.gd:41)
       [19] test_completed (res://addons/gdUnit4/src/core/_TestCase.gd:86)
  [38;2;250;235;215mres://test/Systems/test_event_contract.gd[0m[38;2;128;128;128m > [0m[38;2;250;235;215mtest_missing_required_key_rejected[0m[38;2;34;139;34m PASSED[0m[38;2;100;149;237m 21ms[0m
[38;2;128;128;128m[0m
  [38;2;250;235;215mres://test/Systems/test_event_contract.gd[0m[38;2;128;128;128m > [0m[38;2;250;235;215mtest_emit_with_missing_required_key_is_dropped[0m[38;2;34;139;34m STARTED[0m[38;2;128;128;128m[0m
ERROR: [EventContracts] Event 'on_stat_changes' is missing required key 'final_value' (MISSING_REQUIRED)
   at: push_error (core/variant/variant_utility.cpp:1024)
   GDScript backtrace (most recent call first):
       [0] report (res://src/Scripts/event_contract.gd:134)
       [1] emit_event (res://src/Scripts/LocalEventManager.gd:26)
       [2] test_emit_with_missing_required_key_is_dropped (res://test/Systems/test_event_contract.gd:47)
       [3] _execute_test_case (res://addons/gdUnit4/src/core/_TestCase.gd:79)
       [4] execute (res://addons/gdUnit4/src/core/_TestCase.gd:40)
       [5] _execute (res://addons/gdUnit4/src/core/execution/stages/single/GdUnitTestCaseSingleTestStage.gd:10)
       [6] execute (res://addons/gdUnit4/src/core/execution/stages/IGdUnitExecutionStage.gd:19)
       [7] _execute (res://addons/gdUnit4/src/core/execution/stages/single/GdUnitTestCaseSingleExecutionStage.gd:17)
       [8] execute (res://addons/gdUnit4/src/core/execution/stages/IGdUnitExecutionStage.gd:19)
       [9] _execute (res://addons/gdUnit4/src/core/execution/stages/GdUnitTestCaseExecutionStage.gd:25)
       [10] execute (res://addons/gdUnit4/src/core/execution/stages/IGdUnitExecutionStage.gd:19)
       [11] _execute (res://addons/gdUnit4/src/core/execution/stages/GdUnitTestSuiteExecutionStage.gd:35)
       [12] execute (res://addons/gdUnit4/src/core/execution/stages/IGdUnitExecutionStage.gd:19)
       [13] _execute (res://addons/gdUnit4/src/core/execution/stages/GdUnitTestCaseExecutionStage.gd:33)
       [14] execute (res://addons/gdUnit4/src/core/execution/stages/IGdUnitExecutionStage.gd:19)
       [15] _execute (res://addons/gdUnit4/src/core/execution/stages/single/GdUnitTestCaseSingleExecutionStage.gd:28)
       [16] execute (res://addons/gdUnit4/src/core/execution/stages/IGdUnitExecutionStage.gd:19)
       [17] _execute (res://addons/gdUnit4/src/core/execution/stages/single/GdUnitTestCaseSingleTestStage.gd:10)
       [18] execute (res://addons/gdUnit4/src/core/_TestCase.gd:41)
       [19] test_completed (res://addons/gdUnit4/src/core/_TestCase.gd:86)
  [38;2;250;235;215mres://test/Systems/test_event_contract.gd[0m[38;2;128;128;128m > [0m[38;2;250;235;215mtest_emit_with_missing_required_key_is_dropped[0m[38;2;34;139;34m PASSED[0m[38;2;100;149;237m 22ms[0m
[38;2;128;128;128m[0m
  [38;2;250;235;215mres://test/Systems/test_event_contract.gd[0m[38;2;128;128;128m > [0m[38;2;250;235;215mtest_subscribe_arity_two_rejected[0m[38;2;34;139;34m STARTED[0m[38;2;128;128;128m[0m
ERROR: [EventContracts] Listener for event 'on_stat_changes' must take exactly one argument (the payload dict), got 2 (BAD_ARITY)
   at: push_error (core/variant/variant_utility.cpp:1024)
   GDScript backtrace (most recent call first):
       [0] report (res://src/Scripts/event_contract.gd:134)
       [1] subscribe (res://src/Scripts/LocalEventManager.gd:11)
       [2] test_subscribe_arity_two_rejected (res://test/Systems/test_event_contract.gd:52)
       [3] _execute_test_case (res://addons/gdUnit4/src/core/_TestCase.gd:79)
       [4] execute (res://addons/gdUnit4/src/core/_TestCase.gd:40)
       [5] _execute (res://addons/gdUnit4/src/core/execution/stages/single/GdUnitTestCaseSingleTestStage.gd:10)
       [6] execute (res://addons/gdUnit4/src/core/execution/stages/IGdUnitExecutionStage.gd:19)
       [7] _execute (res://addons/gdUnit4/src/core/execution/stages/single/GdUnitTestCaseSingleExecutionStage.gd:17)
       [8] execute (res://addons/gdUnit4/src/core/execution/stages/IGdUnitExecutionStage.gd:19)
       [9] _execute (res://addons/gdUnit4/src/core/execution/stages/GdUnitTestCaseExecutionStage.gd:25)
       [10] execute (res://addons/gdUnit4/src/core/execution/stages/IGdUnitExecutionStage.gd:19)
       [11] _execute (res://addons/gdUnit4/src/core/execution/stages/GdUnitTestSuiteExecutionStage.gd:35)
       [12] execute (res://addons/gdUnit4/src/core/execution/stages/IGdUnitExecutionStage.gd:19)
       [13] _execute (res://addons/gdUnit4/src/core/execution/stages/GdUnitTestCaseExecutionStage.gd:33)
       [14] execute (res://addons/gdUnit4/src/core/execution/stages/IGdUnitExecutionStage.gd:19)
       [15] _execute (res://addons/gdUnit4/src/core/execution/stages/single/GdUnitTestCaseSingleExecutionStage.gd:28)
       [16] execute (res://addons/gdUnit4/src/core/execution/stages/IGdUnitExecutionStage.gd:19)
       [17] _execute (res://addons/gdUnit4/src/core/execution/stages/single/GdUnitTestCaseSingleTestStage.gd:10)
       [18] execute (res://addons/gdUnit4/src/core/_TestCase.gd:41)
       [19] test_completed (res://addons/gdUnit4/src/core/_TestCase.gd:86)
  [38;2;250;235;215mres://test/Systems/test_event_contract.gd[0m[38;2;128;128;128m > [0m[38;2;250;235;215mtest_subscribe_arity_two_rejected[0m[38;2;34;139;34m PASSED[0m[38;2;100;149;237m 22ms[0m
[38;2;128;128;128m[0m
  [38;2;250;235;215mres://test/Systems/test_event_contract.gd[0m[38;2;128;128;128m > [0m[38;2;250;235;215mtest_subscribe_null_listener_rejected[0m[38;2;34;139;34m STARTED[0m[38;2;128;128;128m[0m
ERROR: [EventContracts] Listener for event 'on_stat_changes' is null (NULL_LISTENER)
   at: push_error (core/variant/variant_utility.cpp:1024)
   GDScript backtrace (most recent call first):
       [0] report (res://src/Scripts/event_contract.gd:134)
       [1] subscribe (res://src/Scripts/LocalEventManager.gd:11)
       [2] test_subscribe_null_listener_rejected (res://test/Systems/test_event_contract.gd:57)
       [3] _execute_test_case (res://addons/gdUnit4/src/core/_TestCase.gd:79)
       [4] execute (res://addons/gdUnit4/src/core/_TestCase.gd:40)
       [5] _execute (res://addons/gdUnit4/src/core/execution/stages/single/GdUnitTestCaseSingleTestStage.gd:10)
       [6] execute (res://addons/gdUnit4/src/core/execution/stages/IGdUnitExecutionStage.gd:19)
       [7] _execute (res://addons/gdUnit4/src/core/execution/stages/single/GdUnitTestCaseSingleExecutionStage.gd:17)
       [8] execute (res://addons/gdUnit4/src/core/execution/stages/IGdUnitExecutionStage.gd:19)
       [9] _execute (res://addons/gdUnit4/src/core/execution/stages/GdUnitTestCaseExecutionStage.gd:25)
       [10] execute (res://addons/gdUnit4/src/core/execution/stages/IGdUnitExecutionStage.gd:19)
       [11] _execute (res://addons/gdUnit4/src/core/execution/stages/GdUnitTestSuiteExecutionStage.gd:35)
       [12] execute (res://addons/gdUnit4/src/core/execution/stages/IGdUnitExecutionStage.gd:19)
       [13] _execute (res://addons/gdUnit4/src/core/execution/stages/GdUnitTestCaseExecutionStage.gd:33)
       [14] execute (res://addons/gdUnit4/src/core/execution/stages/IGdUnitExecutionStage.gd:19)
       [15] _execute (res://addons/gdUnit4/src/core/execution/stages/single/GdUnitTestCaseSingleExecutionStage.gd:28)
       [16] execute (res://addons/gdUnit4/src/core/execution/stages/IGdUnitExecutionStage.gd:19)
       [17] _execute (res://addons/gdUnit4/src/core/execution/stages/single/GdUnitTestCaseSingleTestStage.gd:10)
       [18] execute (res://addons/gdUnit4/src/core/_TestCase.gd:41)
       [19] test_completed (res://addons/gdUnit4/src/core/_TestCase.gd:86)
  [38;2;250;235;215mres://test/Systems/test_event_contract.gd[0m[38;2;128;128;128m > [0m[38;2;250;235;215mtest_subscribe_null_listener_rejected[0m[38;2;34;139;34m PASSED[0m[38;2;100;149;237m 21ms[0m
[38;2;128;128;128m[0m
  [38;2;250;235;215mres://test/Systems/test_event_contract.gd[0m[38;2;128;128;128m > [0m[38;2;250;235;215mtest_valid_subscribe_and_dispatch[0m[38;2;34;139;34m STARTED[0m[38;2;128;128;128m[0m
  [38;2;250;235;215mres://test/Systems/test_event_contract.gd[0m[38;2;128;128;128m > [0m[38;2;250;235;215mtest_valid_subscribe_and_dispatch[0m[38;2;34;139;34m PASSED[0m[38;2;100;149;237m 16ms[0m
[38;2;128;128;128m[0m
  [38;2;250;235;215mres://test/Systems/test_event_contract.gd[0m[38;2;128;128;128m > [0m[38;2;250;235;215mtest_extras_in_payload_are_tolerated[0m[38;2;34;139;34m STARTED[0m[38;2;128;128;128m[0m
  [38;2;250;235;215mres://test/Systems/test_event_contract.gd[0m[38;2;128;128;128m > [0m[38;2;250;235;215mtest_extras_in_payload_are_tolerated[0m[38;2;34;139;34m PASSED[0m[38;2;100;149;237m 16ms[0m
[38;2;128;128;128m[0m
  [38;2;250;235;215mres://test/Systems/test_event_contract.gd[0m[38;2;128;128;128m > [0m[38;2;250;235;215mtest_unsubscribe_stops_dispatch[0m[38;2;34;139;34m STARTED[0m[38;2;128;128;128m[0m
  [38;2;250;235;215mres://test/Systems/test_event_contract.gd[0m[38;2;128;128;128m > [0m[38;2;250;235;215mtest_unsubscribe_stops_dispatch[0m[38;2;34;139;34m PASSED[0m[38;2;100;149;237m 16ms[0m
[38;2;128;128;128m[0m
  [38;2;250;235;215mres://test/Systems/test_event_contract.gd[0m[38;2;128;128;128m > [0m[38;2;250;235;215mtest_damage_events_require_damage_context[0m[38;2;34;139;34m STARTED[0m[38;2;128;128;128m[0m
ERROR: [EventContracts] Event 'before_deal_damage' is missing required key 'damage_context' (MISSING_REQUIRED)
   at: push_error (core/variant/variant_utility.cpp:1024)
   GDScript backtrace (most recent call first):
       [0] report (res://src/Scripts/event_contract.gd:134)
       [1] emit_event (res://src/Scripts/LocalEventManager.gd:26)
       [2] test_damage_events_require_damage_context (res://test/Systems/test_event_contract.gd:90)
       [3] _execute_test_case (res://addons/gdUnit4/src/core/_TestCase.gd:79)
       [4] execute (res://addons/gdUnit4/src/core/_TestCase.gd:40)
       [5] _execute (res://addons/gdUnit4/src/core/execution/stages/single/GdUnitTestCaseSingleTestStage.gd:10)
       [6] execute (res://addons/gdUnit4/src/core/execution/stages/IGdUnitExecutionStage.gd:19)
       [7] _execute (res://addons/gdUnit4/src/core/execution/stages/single/GdUnitTestCaseSingleExecutionStage.gd:17)
       [8] execute (res://addons/gdUnit4/src/core/execution/stages/IGdUnitExecutionStage.gd:19)
       [9] _execute (res://addons/gdUnit4/src/core/execution/stages/GdUnitTestCaseExecutionStage.gd:25)
       [10] execute (res://addons/gdUnit4/src/core/execution/stages/IGdUnitExecutionStage.gd:19)
       [11] _execute (res://addons/gdUnit4/src/core/execution/stages/GdUnitTestSuiteExecutionStage.gd:35)
       [12] execute (res://addons/gdUnit4/src/core/execution/stages/IGdUnitExecutionStage.gd:19)
       [13] _execute (res://addons/gdUnit4/src/core/execution/stages/GdUnitTestCaseExecutionStage.gd:33)
       [14] execute (res://addons/gdUnit4/src/core/execution/stages/IGdUnitExecutionStage.gd:19)
       [15] _execute (res://addons/gdUnit4/src/core/execution/stages/single/GdUnitTestCaseSingleExecutionStage.gd:28)
       [16] execute (res://addons/gdUnit4/src/core/execution/stages/IGdUnitExecutionStage.gd:19)
       [17] _execute (res://addons/gdUnit4/src/core/execution/stages/single/GdUnitTestCaseSingleTestStage.gd:10)
       [18] execute (res://addons/gdUnit4/src/core/_TestCase.gd:41)
       [19] test_completed (res://addons/gdUnit4/src/core/_TestCase.gd:86)
ERROR: [EventContracts] Event 'before_take_damage' is missing required key 'damage_context' (MISSING_REQUIRED)
   at: push_error (core/variant/variant_utility.cpp:1024)
   GDScript backtrace (most recent call first):
       [0] report (res://src/Scripts/event_contract.gd:134)
       [1] emit_event (res://src/Scripts/LocalEventManager.gd:26)
       [2] test_damage_events_require_damage_context (res://test/Systems/test_event_contract.gd:90)
       [3] _execute_test_case (res://addons/gdUnit4/src/core/_TestCase.gd:79)
       [4] execute (res://addons/gdUnit4/src/core/_TestCase.gd:40)
       [5] _execute (res://addons/gdUnit4/src/core/execution/stages/single/GdUnitTestCaseSingleTestStage.gd:10)
       [6] execute (res://addons/gdUnit4/src/core/execution/stages/IGdUnitExecutionStage.gd:19)
       [7] _execute (res://addons/gdUnit4/src/core/execution/stages/single/GdUnitTestCaseSingleExecutionStage.gd:17)
       [8] execute (res://addons/gdUnit4/src/core/execution/stages/IGdUnitExecutionStage.gd:19)
       [9] _execute (res://addons/gdUnit4/src/core/execution/stages/GdUnitTestCaseExecutionStage.gd:25)
       [10] execute (res://addons/gdUnit4/src/core/execution/stages/IGdUnitExecutionStage.gd:19)
       [11] _execute (res://addons/gdUnit4/src/core/execution/stages/GdUnitTestSuiteExecutionStage.gd:35)
       [12] execute (res://addons/gdUnit4/src/core/execution/stages/IGdUnitExecutionStage.gd:19)
       [13] _execute (res://addons/gdUnit4/src/core/execution/stages/GdUnitTestCaseExecutionStage.gd:33)
       [14] execute (res://addons/gdUnit4/src/core/execution/stages/IGdUnitExecutionStage.gd:19)
       [15] _execute (res://addons/gdUnit4/src/core/execution/stages/single/GdUnitTestCaseSingleExecutionStage.gd:28)
       [16] execute (res://addons/gdUnit4/src/core/execution/stages/IGdUnitExecutionStage.gd:19)
       [17] _execute (res://addons/gdUnit4/src/core/execution/stages/single/GdUnitTestCaseSingleTestStage.gd:10)
       [18] execute (res://addons/gdUnit4/src/core/_TestCase.gd:41)
       [19] test_completed (res://addons/gdUnit4/src/core/_TestCase.gd:86)
ERROR: [EventContracts] Event 'after_take_damage' is missing required key 'damage_context' (MISSING_REQUIRED)
   at: push_error (core/variant/variant_utility.cpp:1024)
   GDScript backtrace (most recent call first):
       [0] report (res://src/Scripts/event_contract.gd:134)
       [1] emit_event (res://src/Scripts/LocalEventManager.gd:26)
       [2] test_damage_events_require_damage_context (res://test/Systems/test_event_contract.gd:90)
       [3] _execute_test_case (res://addons/gdUnit4/src/core/_TestCase.gd:79)
       [4] execute (res://addons/gdUnit4/src/core/_TestCase.gd:40)
       [5] _execute (res://addons/gdUnit4/src/core/execution/stages/single/GdUnitTestCaseSingleTestStage.gd:10)
       [6] execute (res://addons/gdUnit4/src/core/execution/stages/IGdUnitExecutionStage.gd:19)
       [7] _execute (res://addons/gdUnit4/src/core/execution/stages/single/GdUnitTestCaseSingleExecutionStage.gd:17)
       [8] execute (res://addons/gdUnit4/src/core/execution/stages/IGdUnitExecutionStage.gd:19)
       [9] _execute (res://addons/gdUnit4/src/core/execution/stages/GdUnitTestCaseExecutionStage.gd:25)
       [10] execute (res://addons/gdUnit4/src/core/execution/stages/IGdUnitExecutionStage.gd:19)
       [11] _execute (res://addons/gdUnit4/src/core/execution/stages/GdUnitTestSuiteExecutionStage.gd:35)
       [12] execute (res://addons/gdUnit4/src/core/execution/stages/IGdUnitExecutionStage.gd:19)
       [13] _execute (res://addons/gdUnit4/src/core/execution/stages/GdUnitTestCaseExecutionStage.gd:33)
       [14] execute (res://addons/gdUnit4/src/core/execution/stages/IGdUnitExecutionStage.gd:19)
       [15] _execute (res://addons/gdUnit4/src/core/execution/stages/single/GdUnitTestCaseSingleExecutionStage.gd:28)
       [16] execute (res://addons/gdUnit4/src/core/execution/stages/IGdUnitExecutionStage.gd:19)
       [17] _execute (res://addons/gdUnit4/src/core/execution/stages/single/GdUnitTestCaseSingleTestStage.gd:10)
       [18] execute (res://addons/gdUnit4/src/core/_TestCase.gd:41)
       [19] test_completed (res://addons/gdUnit4/src/core/_TestCase.gd:86)
ERROR: [EventContracts] Event 'after_deal_damage' is missing required key 'damage_context' (MISSING_REQUIRED)
   at: push_error (core/variant/variant_utility.cpp:1024)
   GDScript backtrace (most recent call first):
       [0] report (res://src/Scripts/event_contract.gd:134)
       [1] emit_event (res://src/Scripts/LocalEventManager.gd:26)
       [2] test_damage_events_require_damage_context (res://test/Systems/test_event_contract.gd:90)
       [3] _execute_test_case (res://addons/gdUnit4/src/core/_TestCase.gd:79)
       [4] execute (res://addons/gdUnit4/src/core/_TestCase.gd:40)
       [5] _execute (res://addons/gdUnit4/src/core/execution/stages/single/GdUnitTestCaseSingleTestStage.gd:10)
       [6] execute (res://addons/gdUnit4/src/core/execution/stages/IGdUnitExecutionStage.gd:19)
       [7] _execute (res://addons/gdUnit4/src/core/execution/stages/single/GdUnitTestCaseSingleExecutionStage.gd:17)
       [8] execute (res://addons/gdUnit4/src/core/execution/stages/IGdUnitExecutionStage.gd:19)
       [9] _execute (res://addons/gdUnit4/src/core/execution/stages/GdUnitTestCaseExecutionStage.gd:25)
       [10] execute (res://addons/gdUnit4/src/core/execution/stages/IGdUnitExecutionStage.gd:19)
       [11] _execute (res://addons/gdUnit4/src/core/execution/stages/GdUnitTestSuiteExecutionStage.gd:35)
       [12] execute (res://addons/gdUnit4/src/core/execution/stages/IGdUnitExecutionStage.gd:19)
       [13] _execute (res://addons/gdUnit4/src/core/execution/stages/GdUnitTestCaseExecutionStage.gd:33)
       [14] execute (res://addons/gdUnit4/src/core/execution/stages/IGdUnitExecutionStage.gd:19)
       [15] _execute (res://addons/gdUnit4/src/core/execution/stages/single/GdUnitTestCaseSingleExecutionStage.gd:28)
       [16] execute (res://addons/gdUnit4/src/core/execution/stages/IGdUnitExecutionStage.gd:19)
       [17] _execute (res://addons/gdUnit4/src/core/execution/stages/single/GdUnitTestCaseSingleTestStage.gd:10)
       [18] execute (res://addons/gdUnit4/src/core/_TestCase.gd:41)
       [19] test_completed (res://addons/gdUnit4/src/core/_TestCase.gd:86)
ERROR: [EventContracts] Event 'on_hit' is missing required key 'damage_context' (MISSING_REQUIRED)
   at: push_error (core/variant/variant_utility.cpp:1024)
   GDScript backtrace (most recent call first):
       [0] report (res://src/Scripts/event_contract.gd:134)
       [1] emit_event (res://src/Scripts/LocalEventManager.gd:26)
       [2] test_damage_events_require_damage_context (res://test/Systems/test_event_contract.gd:90)
       [3] _execute_test_case (res://addons/gdUnit4/src/core/_TestCase.gd:79)
       [4] execute (res://addons/gdUnit4/src/core/_TestCase.gd:40)
       [5] _execute (res://addons/gdUnit4/src/core/execution/stages/single/GdUnitTestCaseSingleTestStage.gd:10)
       [6] execute (res://addons/gdUnit4/src/core/execution/stages/IGdUnitExecutionStage.gd:19)
       [7] _execute (res://addons/gdUnit4/src/core/execution/stages/single/GdUnitTestCaseSingleExecutionStage.gd:17)
       [8] execute (res://addons/gdUnit4/src/core/execution/stages/IGdUnitExecutionStage.gd:19)
       [9] _execute (res://addons/gdUnit4/src/core/execution/stages/GdUnitTestCaseExecutionStage.gd:25)
       [10] execute (res://addons/gdUnit4/src/core/execution/stages/IGdUnitExecutionStage.gd:19)
       [11] _execute (res://addons/gdUnit4/src/core/execution/stages/GdUnitTestSuiteExecutionStage.gd:35)
       [12] execute (res://addons/gdUnit4/src/core/execution/stages/IGdUnitExecutionStage.gd:19)
       [13] _execute (res://addons/gdUnit4/src/core/execution/stages/GdUnitTestCaseExecutionStage.gd:33)
       [14] execute (res://addons/gdUnit4/src/core/execution/stages/IGdUnitExecutionStage.gd:19)
       [15] _execute (res://addons/gdUnit4/src/core/execution/stages/single/GdUnitTestCaseSingleExecutionStage.gd:28)
       [16] execute (res://addons/gdUnit4/src/core/execution/stages/IGdUnitExecutionStage.gd:19)
       [17] _execute (res://addons/gdUnit4/src/core/execution/stages/single/GdUnitTestCaseSingleTestStage.gd:10)
       [18] execute (res://addons/gdUnit4/src/core/_TestCase.gd:41)
       [19] test_completed (res://addons/gdUnit4/src/core/_TestCase.gd:86)
ERROR: [EventContracts] Event 'on_crit' is missing required key 'damage_context' (MISSING_REQUIRED)
   at: push_error (core/variant/variant_utility.cpp:1024)
   GDScript backtrace (most recent call first):
       [0] report (res://src/Scripts/event_contract.gd:134)
       [1] emit_event (res://src/Scripts/LocalEventManager.gd:26)
       [2] test_damage_events_require_damage_context (res://test/Systems/test_event_contract.gd:90)
       [3] _execute_test_case (res://addons/gdUnit4/src/core/_TestCase.gd:79)
       [4] execute (res://addons/gdUnit4/src/core/_TestCase.gd:40)
       [5] _execute (res://addons/gdUnit4/src/core/execution/stages/single/GdUnitTestCaseSingleTestStage.gd:10)
       [6] execute (res://addons/gdUnit4/src/core/execution/stages/IGdUnitExecutionStage.gd:19)
       [7] _execute (res://addons/gdUnit4/src/core/execution/stages/single/GdUnitTestCaseSingleExecutionStage.gd:17)
       [8] execute (res://addons/gdUnit4/src/core/execution/stages/IGdUnitExecutionStage.gd:19)
       [9] _execute (res://addons/gdUnit4/src/core/execution/stages/GdUnitTestCaseExecutionStage.gd:25)
       [10] execute (res://addons/gdUnit4/src/core/execution/stages/IGdUnitExecutionStage.gd:19)
       [11] _execute (res://addons/gdUnit4/src/core/execution/stages/GdUnitTestSuiteExecutionStage.gd:35)
       [12] execute (res://addons/gdUnit4/src/core/execution/stages/IGdUnitExecutionStage.gd:19)
       [13] _execute (res://addons/gdUnit4/src/core/execution/stages/GdUnitTestCaseExecutionStage.gd:33)
       [14] execute (res://addons/gdUnit4/src/core/execution/stages/IGdUnitExecutionStage.gd:19)
       [15] _execute (res://addons/gdUnit4/src/core/execution/stages/single/GdUnitTestCaseSingleExecutionStage.gd:28)
       [16] execute (res://addons/gdUnit4/src/core/execution/stages/IGdUnitExecutionStage.gd:19)
       [17] _execute (res://addons/gdUnit4/src/core/execution/stages/single/GdUnitTestCaseSingleTestStage.gd:10)
       [18] execute (res://addons/gdUnit4/src/core/_TestCase.gd:41)
       [19] test_completed (res://addons/gdUnit4/src/core/_TestCase.gd:86)
  [38;2;250;235;215mres://test/Systems/test_event_contract.gd[0m[38;2;128;128;128m > [0m[38;2;250;235;215mtest_damage_events_require_damage_context[0m[38;2;34;139;34m PASSED[0m[38;2;100;149;237m 52ms[0m
[38;2;128;128;128m[0m
  [38;2;250;235;215mres://test/Systems/test_event_contract.gd[0m[38;2;128;128;128m > [0m[38;2;250;235;215mtest_on_condition_change_requires_condition_name[0m[38;2;34;139;34m STARTED[0m[38;2;128;128;128m[0m
ERROR: [EventContracts] Event 'on_condition_change' is missing required key 'condition_name' (MISSING_REQUIRED)
   at: push_error (core/variant/variant_utility.cpp:1024)
   GDScript backtrace (most recent call first):
       [0] report (res://src/Scripts/event_contract.gd:134)
       [1] emit_event (res://src/Scripts/LocalEventManager.gd:26)
       [2] test_on_condition_change_requires_condition_name (res://test/Systems/test_event_contract.gd:95)
       [3] _execute_test_case (res://addons/gdUnit4/src/core/_TestCase.gd:79)
       [4] execute (res://addons/gdUnit4/src/core/_TestCase.gd:40)
       [5] _execute (res://addons/gdUnit4/src/core/execution/stages/single/GdUnitTestCaseSingleTestStage.gd:10)
       [6] execute (res://addons/gdUnit4/src/core/execution/stages/IGdUnitExecutionStage.gd:19)
       [7] _execute (res://addons/gdUnit4/src/core/execution/stages/single/GdUnitTestCaseSingleExecutionStage.gd:17)
       [8] execute (res://addons/gdUnit4/src/core/execution/stages/IGdUnitExecutionStage.gd:19)
       [9] _execute (res://addons/gdUnit4/src/core/execution/stages/GdUnitTestCaseExecutionStage.gd:25)
       [10] execute (res://addons/gdUnit4/src/core/execution/stages/IGdUnitExecutionStage.gd:19)
       [11] _execute (res://addons/gdUnit4/src/core/execution/stages/GdUnitTestSuiteExecutionStage.gd:35)
       [12] execute (res://addons/gdUnit4/src/core/execution/stages/IGdUnitExecutionStage.gd:19)
       [13] _execute (res://addons/gdUnit4/src/core/execution/stages/GdUnitTestCaseExecutionStage.gd:33)
       [14] execute (res://addons/gdUnit4/src/core/execution/stages/IGdUnitExecutionStage.gd:19)
       [15] _execute (res://addons/gdUnit4/src/core/execution/stages/single/GdUnitTestCaseSingleExecutionStage.gd:28)
       [16] execute (res://addons/gdUnit4/src/core/execution/stages/IGdUnitExecutionStage.gd:19)
       [17] _execute (res://addons/gdUnit4/src/core/execution/stages/single/GdUnitTestCaseSingleTestStage.gd:10)
       [18] execute (res://addons/gdUnit4/src/core/_TestCase.gd:41)
       [19] test_completed (res://addons/gdUnit4/src/core/_TestCase.gd:86)
  [38;2;250;235;215mres://test/Systems/test_event_contract.gd[0m[38;2;128;128;128m > [0m[38;2;250;235;215mtest_on_condition_change_requires_condition_name[0m[38;2;34;139;34m PASSED[0m[38;2;100;149;237m 22ms[0m
[38;2;128;128;128m[0m
[38;2;30;144;255mStatistics:[0m[38;2;128;128;128m 13 test cases | 0 errors | 0 failures | 0 flaky | 0 skipped | 0 orphans |[0m[38;2;34;139;34m PASSED[0m[38;2;100;149;237m 525ms[0m
[38;2;128;128;128m[0m
[38;2;128;128;128m[0m
[38;2;0;206;209mRun Test Suite: [0m[38;2;250;235;215mres://test/Systems/test_spawner_arena_gdunit4.gd[0m
  [38;2;250;235;215mres://test/Systems/test_spawner_arena_gdunit4.gd[0m[38;2;128;128;128m > [0m[38;2;250;235;215mtest_spawner_finds_arena_automatically[0m[38;2;34;139;34m STARTED[0m[38;2;128;128;128m[0m
  [38;2;250;235;215mres://test/Systems/test_spawner_arena_gdunit4.gd[0m[38;2;128;128;128m > [0m[38;2;250;235;215mtest_spawner_finds_arena_automatically[0m[38;2;34;139;34m PASSED[0m[38;2;100;149;237m 24ms[0m
[38;2;128;128;128m[0m
  [38;2;250;235;215mres://test/Systems/test_spawner_arena_gdunit4.gd[0m[38;2;128;128;128m > [0m[38;2;250;235;215mtest_single_spawn_clamped_inside_arena[0m[38;2;34;139;34m STARTED[0m[38;2;128;128;128m[0m
  [38;2;250;235;215mres://test/Systems/test_spawner_arena_gdunit4.gd[0m[38;2;128;128;128m > [0m[38;2;250;235;215mtest_single_spawn_clamped_inside_arena[0m[38;2;34;139;34m PASSED[0m[38;2;100;149;237m 29ms[0m
[38;2;128;128;128m[0m
  [38;2;250;235;215mres://test/Systems/test_spawner_arena_gdunit4.gd[0m[38;2;128;128;128m > [0m[38;2;250;235;215mtest_group_spawn_stays_inside_arena[0m[38;2;34;139;34m STARTED[0m[38;2;128;128;128m[0m
  [38;2;250;235;215mres://test/Systems/test_spawner_arena_gdunit4.gd[0m[38;2;128;128;128m > [0m[38;2;250;235;215mtest_group_spawn_stays_inside_arena[0m[38;2;34;139;34m PASSED[0m[38;2;100;149;237m 32ms[0m
[38;2;128;128;128m[0m
  [38;2;250;235;215mres://test/Systems/test_spawner_arena_gdunit4.gd[0m[38;2;128;128;128m > [0m[38;2;250;235;215mtest_boss_spawn_clamped_inside_arena[0m[38;2;34;139;34m STARTED[0m[38;2;128;128;128m[0m
Boss spawned!
  [38;2;250;235;215mres://test/Systems/test_spawner_arena_gdunit4.gd[0m[38;2;128;128;128m > [0m[38;2;250;235;215mtest_boss_spawn_clamped_inside_arena[0m[38;2;34;139;34m PASSED[0m[38;2;100;149;237m 31ms[0m
[38;2;128;128;128m[0m
  [38;2;250;235;215mres://test/Systems/test_spawner_arena_gdunit4.gd[0m[38;2;128;128;128m > [0m[38;2;250;235;215mtest_spawn_unclamped_without_arena[0m[38;2;34;139;34m STARTED[0m[38;2;128;128;128m[0m
  [38;2;250;235;215mres://test/Systems/test_spawner_arena_gdunit4.gd[0m[38;2;128;128;128m > [0m[38;2;250;235;215mtest_spawn_unclamped_without_arena[0m[38;2;34;139;34m PASSED[0m[38;2;100;149;237m 26ms[0m
[38;2;128;128;128m[0m
[38;2;30;144;255mStatistics:[0m[38;2;128;128;128m 5 test cases | 0 errors | 0 failures | 0 flaky | 0 skipped | 0 orphans |[0m[38;2;34;139;34m PASSED[0m[38;2;100;149;237m 238ms[0m
[38;2;128;128;128m[0m
[38;2;128;128;128m[0m
[38;2;0;206;209mRun Test Suite: [0m[38;2;250;235;215mres://test/Systems/weapon/test_fist.gd[0m
  [38;2;250;235;215mres://test/Systems/weapon/test_fist.gd[0m[38;2;128;128;128m > [0m[38;2;250;235;215mtest_fist_does_damage[0m[38;2;34;139;34m STARTED[0m[38;2;128;128;128m[0m
Character_ui, _on_weapon_changed{ "weapon_inst": ():<Resource#-9223370780090298920>, "hold_owner": Character:<CharacterBody2D#1250439465961> }
Character_ui, _on_weapon_changed{ "weapon_inst": ():<Resource#-9223370771382924764>, "hold_owner": Character:<CharacterBody2D#1250439465961> }
  [38;2;250;235;215mres://test/Systems/weapon/test_fist.gd[0m[38;2;128;128;128m > [0m[38;2;250;235;215mtest_fist_does_damage[0m[38;2;34;139;34m PASSED[0m[38;2;100;149;237m 536ms[0m
[38;2;128;128;128m[0m
[38;2;30;144;255mStatistics:[0m[38;2;128;128;128m 1 test cases | 0 errors | 0 failures | 0 flaky | 0 skipped | 0 orphans |[0m[38;2;34;139;34m PASSED[0m[38;2;100;149;237m 574ms[0m
[38;2;128;128;128m[0m
[38;2;128;128;128m[0m
[38;2;0;206;209mRun Test Suite: [0m[38;2;250;235;215mres://test/Systems/weapon/test_knife.gd[0m
  [38;2;250;235;215mres://test/Systems/weapon/test_knife.gd[0m[38;2;128;128;128m > [0m[38;2;250;235;215mtest_knife_does_damage[0m[38;2;34;139;34m STARTED[0m[38;2;128;128;128m[0m
Character_ui, _on_weapon_changed{ "weapon_inst": ():<Resource#-9223370755729779079>, "hold_owner": Character:<CharacterBody2D#1274917426827> }
Character_ui, _on_weapon_changed{ "weapon_inst": ():<Resource#-9223370745998994219>, "hold_owner": Character:<CharacterBody2D#1274917426827> }
  [38;2;250;235;215mres://test/Systems/weapon/test_knife.gd[0m[38;2;128;128;128m > [0m[38;2;250;235;215mtest_knife_does_damage[0m[38;2;34;139;34m PASSED[0m[38;2;100;149;237m 558ms[0m
[38;2;128;128;128m[0m
[38;2;30;144;255mStatistics:[0m[38;2;128;128;128m 1 test cases | 0 errors | 0 failures | 0 flaky | 0 skipped | 0 orphans |[0m[38;2;34;139;34m PASSED[0m[38;2;100;149;237m 601ms[0m
[38;2;128;128;128m[0m
[38;2;128;128;128m[0m
[38;2;0;206;209mRun Test Suite: [0m[38;2;250;235;215mres://test/Systems/weapon/test_pistol.gd[0m
  [38;2;250;235;215mres://test/Systems/weapon/test_pistol.gd[0m[38;2;128;128;128m > [0m[38;2;250;235;215mtest_pistol_does_damage[0m[38;2;34;139;34m STARTED[0m[38;2;128;128;128m[0m
Character_ui, _on_weapon_changed{ "weapon_inst": ():<Resource#-9223370731151157942>, "hold_owner": Character:<CharacterBody2D#1299496048340> }
Character_ui, _on_weapon_changed{ "weapon_inst": ():<Resource#-9223370722427007926>, "hold_owner": Character:<CharacterBody2D#1299496048340> }
  [38;2;250;235;215mres://test/Systems/weapon/test_pistol.gd[0m[38;2;128;128;128m > [0m[38;2;250;235;215mtest_pistol_does_damage[0m[38;2;34;139;34m PASSED[0m[38;2;100;149;237m 544ms[0m
[38;2;128;128;128m[0m
[38;2;30;144;255mStatistics:[0m[38;2;128;128;128m 1 test cases | 0 errors | 0 failures | 0 flaky | 0 skipped | 0 orphans |[0m[38;2;34;139;34m PASSED[0m[38;2;100;149;237m 584ms[0m
[38;2;128;128;128m[0m
[38;2;128;128;128m[0m
[38;2;0;206;209mRun Test Suite: [0m[38;2;250;235;215mres://test/Systems/weapon/test_shotgun.gd[0m
  [38;2;250;235;215mres://test/Systems/weapon/test_shotgun.gd[0m[38;2;128;128;128m > [0m[38;2;250;235;215mtest_shotgun_does_damage[0m[38;2;34;139;34m STARTED[0m[38;2;128;128;128m[0m
Character_ui, _on_weapon_changed{ "weapon_inst": ():<Resource#-9223370707327511246>, "hold_owner": Character:<CharacterBody2D#1323319694560> }
Character_ui, _on_weapon_changed{ "weapon_inst": ():<Resource#-9223370696573315854>, "hold_owner": Character:<CharacterBody2D#1323319694560> }
  [38;2;250;235;215mres://test/Systems/weapon/test_shotgun.gd[0m[38;2;128;128;128m > [0m[38;2;250;235;215mtest_shotgun_does_damage[0m[38;2;34;139;34m PASSED[0m[38;2;100;149;237m 651ms[0m
[38;2;128;128;128m[0m
[38;2;30;144;255mStatistics:[0m[38;2;128;128;128m 1 test cases | 0 errors | 0 failures | 0 flaky | 0 skipped | 0 orphans |[0m[38;2;34;139;34m PASSED[0m[38;2;100;149;237m 692ms[0m
[38;2;128;128;128m[0m
[38;2;128;128;128m[0m
[38;2;0;206;209mRun Test Suite: [0m[38;2;250;235;215mres://test/Systems/weapon/test_thorns.gd[0m
  [38;2;250;235;215mres://test/Systems/weapon/test_thorns.gd[0m[38;2;128;128;128m > [0m[38;2;250;235;215mtest_thorns_does_damage[0m[38;2;34;139;34m STARTED[0m[38;2;128;128;128m[0m
Character_ui, _on_weapon_changed{ "weapon_inst": ():<Resource#-9223370680198752929>, "hold_owner": Character:<CharacterBody2D#1350331012397> }
Character_ui, _on_weapon_changed{ "weapon_inst": ():<Resource#-9223370671592041283>, "hold_owner": Character:<CharacterBody2D#1350331012397> }
  [38;2;250;235;215mres://test/Systems/weapon/test_thorns.gd[0m[38;2;128;128;128m > [0m[38;2;250;235;215mtest_thorns_does_damage[0m[38;2;34;139;34m PASSED[0m[38;2;100;149;237m 545ms[0m
[38;2;128;128;128m[0m
[38;2;30;144;255mStatistics:[0m[38;2;128;128;128m 1 test cases | 0 errors | 0 failures | 0 flaky | 0 skipped | 0 orphans |[0m[38;2;34;139;34m PASSED[0m[38;2;100;149;237m 586ms[0m
[38;2;128;128;128m[0m
[38;2;128;128;128m[0m
[38;2;0;206;209mRun Test Suite: [0m[38;2;250;235;215mres://test/test_texture_burst_gdunit4.gd[0m
  [38;2;250;235;215mres://test/test_texture_burst_gdunit4.gd[0m[38;2;128;128;128m > [0m[38;2;250;235;215mtest_burst_spawns_32_pieces[0m[38;2;34;139;34m STARTED[0m[38;2;128;128;128m[0m
  [38;2;250;235;215mres://test/test_texture_burst_gdunit4.gd[0m[38;2;128;128;128m > [0m[38;2;250;235;215mtest_burst_spawns_32_pieces[0m[38;2;34;139;34m PASSED[0m[38;2;100;149;237m 15ms[0m
[38;2;128;128;128m[0m
  [38;2;250;235;215mres://test/test_texture_burst_gdunit4.gd[0m[38;2;128;128;128m > [0m[38;2;250;235;215mtest_burst_pieces_use_atlas_slices[0m[38;2;34;139;34m STARTED[0m[38;2;128;128;128m[0m
  [38;2;250;235;215mres://test/test_texture_burst_gdunit4.gd[0m[38;2;128;128;128m > [0m[38;2;250;235;215mtest_burst_pieces_use_atlas_slices[0m[38;2;34;139;34m PASSED[0m[38;2;100;149;237m 17ms[0m
[38;2;128;128;128m[0m
  [38;2;250;235;215mres://test/test_texture_burst_gdunit4.gd[0m[38;2;128;128;128m > [0m[38;2;250;235;215mtest_burst_null_texture_is_safe[0m[38;2;34;139;34m STARTED[0m[38;2;128;128;128m[0m
  [38;2;250;235;215mres://test/test_texture_burst_gdunit4.gd[0m[38;2;128;128;128m > [0m[38;2;250;235;215mtest_burst_null_texture_is_safe[0m[38;2;34;139;34m PASSED[0m[38;2;100;149;237m 16ms[0m
[38;2;128;128;128m[0m
  [38;2;250;235;215mres://test/test_texture_burst_gdunit4.gd[0m[38;2;128;128;128m > [0m[38;2;250;235;215mtest_burst_zero_direction_falls_back[0m[38;2;34;139;34m STARTED[0m[38;2;128;128;128m[0m
  [38;2;250;235;215mres://test/test_texture_burst_gdunit4.gd[0m[38;2;128;128;128m > [0m[38;2;250;235;215mtest_burst_zero_direction_falls_back[0m[38;2;34;139;34m PASSED[0m[38;2;100;149;237m 18ms[0m
[38;2;128;128;128m[0m
  [38;2;250;235;215mres://test/test_texture_burst_gdunit4.gd[0m[38;2;128;128;128m > [0m[38;2;250;235;215mtest_manager_spawns_burst_as_sibling_on_death[0m[38;2;34;139;34m STARTED[0m[38;2;128;128;128m[0m
  [38;2;250;235;215mres://test/test_texture_burst_gdunit4.gd[0m[38;2;128;128;128m > [0m[38;2;250;235;215mtest_manager_spawns_burst_as_sibling_on_death[0m[38;2;34;139;34m PASSED[0m[38;2;100;149;237m 16ms[0m
[38;2;128;128;128m[0m
[38;2;30;144;255mStatistics:[0m[38;2;128;128;128m 5 test cases | 0 errors | 0 failures | 0 flaky | 0 skipped | 0 orphans |[0m[38;2;34;139;34m PASSED[0m[38;2;100;149;237m 188ms[0m
[38;2;128;128;128m[0m
[38;2;128;128;128m[0m
[38;2;0;206;209mRun Test Suite: [0m[38;2;250;235;215mres://test/ui/test_character_ui_tooltip.gd[0m
  [38;2;250;235;215mres://test/ui/test_character_ui_tooltip.gd[0m[38;2;128;128;128m > [0m[38;2;250;235;215mtest_weapon_tooltip_lines[0m[38;2;34;139;34m STARTED[0m[38;2;128;128;128m[0m
  [38;2;250;235;215mres://test/ui/test_character_ui_tooltip.gd[0m[38;2;128;128;128m > [0m[38;2;250;235;215mtest_weapon_tooltip_lines[0m[38;2;34;139;34m PASSED[0m[38;2;100;149;237m 16ms[0m
[38;2;128;128;128m[0m
  [38;2;250;235;215mres://test/ui/test_character_ui_tooltip.gd[0m[38;2;128;128;128m > [0m[38;2;250;235;215mtest_item_tooltip_lines[0m[38;2;34;139;34m STARTED[0m[38;2;128;128;128m[0m
  [38;2;250;235;215mres://test/ui/test_character_ui_tooltip.gd[0m[38;2;128;128;128m > [0m[38;2;250;235;215mtest_item_tooltip_lines[0m[38;2;34;139;34m PASSED[0m[38;2;100;149;237m 15ms[0m
[38;2;128;128;128m[0m
  [38;2;250;235;215mres://test/ui/test_character_ui_tooltip.gd[0m[38;2;128;128;128m > [0m[38;2;250;235;215mtest_stat_item_tooltip_lines_via_builder[0m[38;2;34;139;34m STARTED[0m[38;2;128;128;128m[0m
  [38;2;250;235;215mres://test/ui/test_character_ui_tooltip.gd[0m[38;2;128;128;128m > [0m[38;2;250;235;215mtest_stat_item_tooltip_lines_via_builder[0m[38;2;34;139;34m PASSED[0m[38;2;100;149;237m 17ms[0m
[38;2;128;128;128m[0m
  [38;2;250;235;215mres://test/ui/test_character_ui_tooltip.gd[0m[38;2;128;128;128m > [0m[38;2;250;235;215mtest_stat_item_positive_and_negative_mirroring_factory[0m[38;2;34;139;34m STARTED[0m[38;2;128;128;128m[0m
  [38;2;250;235;215mres://test/ui/test_character_ui_tooltip.gd[0m[38;2;128;128;128m > [0m[38;2;250;235;215mtest_stat_item_positive_and_negative_mirroring_factory[0m[38;2;34;139;34m PASSED[0m[38;2;100;149;237m 16ms[0m
[38;2;128;128;128m[0m
  [38;2;250;235;215mres://test/ui/test_character_ui_tooltip.gd[0m[38;2;128;128;128m > [0m[38;2;250;235;215mtest_effect_item_tooltip_lines_via_builder[0m[38;2;34;139;34m STARTED[0m[38;2;128;128;128m[0m
  [38;2;250;235;215mres://test/ui/test_character_ui_tooltip.gd[0m[38;2;128;128;128m > [0m[38;2;250;235;215mtest_effect_item_tooltip_lines_via_builder[0m[38;2;34;139;34m PASSED[0m[38;2;100;149;237m 18ms[0m
[38;2;128;128;128m[0m
  [38;2;250;235;215mres://test/ui/test_character_ui_tooltip.gd[0m[38;2;128;128;128m > [0m[38;2;250;235;215mtest_effect_item_with_negative_stat_mirroring_factory[0m[38;2;34;139;34m STARTED[0m[38;2;128;128;128m[0m
  [38;2;250;235;215mres://test/ui/test_character_ui_tooltip.gd[0m[38;2;128;128;128m > [0m[38;2;250;235;215mtest_effect_item_with_negative_stat_mirroring_factory[0m[38;2;34;139;34m PASSED[0m[38;2;100;149;237m 15ms[0m
[38;2;128;128;128m[0m
  [38;2;250;235;215mres://test/ui/test_character_ui_tooltip.gd[0m[38;2;128;128;128m > [0m[38;2;250;235;215mtest_heal_on_event_tooltip_shows_trigger_and_amount[0m[38;2;34;139;34m STARTED[0m[38;2;128;128;128m[0m
  [38;2;250;235;215mres://test/ui/test_character_ui_tooltip.gd[0m[38;2;128;128;128m > [0m[38;2;250;235;215mtest_heal_on_event_tooltip_shows_trigger_and_amount[0m[38;2;34;139;34m PASSED[0m[38;2;100;149;237m 15ms[0m
[38;2;128;128;128m[0m
  [38;2;250;235;215mres://test/ui/test_character_ui_tooltip.gd[0m[38;2;128;128;128m > [0m[38;2;250;235;215mtest_heal_on_event_tooltip_follows_configured_values[0m[38;2;34;139;34m STARTED[0m[38;2;128;128;128m[0m
  [38;2;250;235;215mres://test/ui/test_character_ui_tooltip.gd[0m[38;2;128;128;128m > [0m[38;2;250;235;215mtest_heal_on_event_tooltip_follows_configured_values[0m[38;2;34;139;34m PASSED[0m[38;2;100;149;237m 15ms[0m
[38;2;128;128;128m[0m
  [38;2;250;235;215mres://test/ui/test_character_ui_tooltip.gd[0m[38;2;128;128;128m > [0m[38;2;250;235;215mtest_life_leach_tooltip_shows_trigger_and_percent[0m[38;2;34;139;34m STARTED[0m[38;2;128;128;128m[0m
  [38;2;250;235;215mres://test/ui/test_character_ui_tooltip.gd[0m[38;2;128;128;128m > [0m[38;2;250;235;215mtest_life_leach_tooltip_shows_trigger_and_percent[0m[38;2;34;139;34m PASSED[0m[38;2;100;149;237m 16ms[0m
[38;2;128;128;128m[0m
  [38;2;250;235;215mres://test/ui/test_character_ui_tooltip.gd[0m[38;2;128;128;128m > [0m[38;2;250;235;215mtest_spinning_orbs_tooltip_shows_trigger_and_damage[0m[38;2;34;139;34m STARTED[0m[38;2;128;128;128m[0m
  [38;2;250;235;215mres://test/ui/test_character_ui_tooltip.gd[0m[38;2;128;128;128m > [0m[38;2;250;235;215mtest_spinning_orbs_tooltip_shows_trigger_and_damage[0m[38;2;34;139;34m PASSED[0m[38;2;100;149;237m 15ms[0m
[38;2;128;128;128m[0m
  [38;2;250;235;215mres://test/ui/test_character_ui_tooltip.gd[0m[38;2;128;128;128m > [0m[38;2;250;235;215mtest_regen_tooltip_shows_amount_without_trigger[0m[38;2;34;139;34m STARTED[0m[38;2;128;128;128m[0m
  [38;2;250;235;215mres://test/ui/test_character_ui_tooltip.gd[0m[38;2;128;128;128m > [0m[38;2;250;235;215mtest_regen_tooltip_shows_amount_without_trigger[0m[38;2;34;139;34m PASSED[0m[38;2;100;149;237m 16ms[0m
[38;2;128;128;128m[0m
  [38;2;250;235;215mres://test/ui/test_character_ui_tooltip.gd[0m[38;2;128;128;128m > [0m[38;2;250;235;215mtest_poison_tooltip_shows_trigger_and_amount[0m[38;2;34;139;34m STARTED[0m[38;2;128;128;128m[0m
  [38;2;250;235;215mres://test/ui/test_character_ui_tooltip.gd[0m[38;2;128;128;128m > [0m[38;2;250;235;215mtest_poison_tooltip_shows_trigger_and_amount[0m[38;2;34;139;34m PASSED[0m[38;2;100;149;237m 16ms[0m
[38;2;128;128;128m[0m
  [38;2;250;235;215mres://test/ui/test_character_ui_tooltip.gd[0m[38;2;128;128;128m > [0m[38;2;250;235;215mtest_armor_tooltip[0m[38;2;34;139;34m STARTED[0m[38;2;128;128;128m[0m
  [38;2;250;235;215mres://test/ui/test_character_ui_tooltip.gd[0m[38;2;128;128;128m > [0m[38;2;250;235;215mtest_armor_tooltip[0m[38;2;34;139;34m PASSED[0m[38;2;100;149;237m 16ms[0m
[38;2;128;128;128m[0m
  [38;2;250;235;215mres://test/ui/test_character_ui_tooltip.gd[0m[38;2;128;128;128m > [0m[38;2;250;235;215mtest_bomb_tooltip[0m[38;2;34;139;34m STARTED[0m[38;2;128;128;128m[0m
  [38;2;250;235;215mres://test/ui/test_character_ui_tooltip.gd[0m[38;2;128;128;128m > [0m[38;2;250;235;215mtest_bomb_tooltip[0m[38;2;34;139;34m PASSED[0m[38;2;100;149;237m 16ms[0m
[38;2;128;128;128m[0m
  [38;2;250;235;215mres://test/ui/test_character_ui_tooltip.gd[0m[38;2;128;128;128m > [0m[38;2;250;235;215mtest_chain_tooltip[0m[38;2;34;139;34m STARTED[0m[38;2;128;128;128m[0m
  [38;2;250;235;215mres://test/ui/test_character_ui_tooltip.gd[0m[38;2;128;128;128m > [0m[38;2;250;235;215mtest_chain_tooltip[0m[38;2;34;139;34m PASSED[0m[38;2;100;149;237m 18ms[0m
[38;2;128;128;128m[0m
  [38;2;250;235;215mres://test/ui/test_character_ui_tooltip.gd[0m[38;2;128;128;128m > [0m[38;2;250;235;215mtest_crit_tooltip[0m[38;2;34;139;34m STARTED[0m[38;2;128;128;128m[0m
  [38;2;250;235;215mres://test/ui/test_character_ui_tooltip.gd[0m[38;2;128;128;128m > [0m[38;2;250;235;215mtest_crit_tooltip[0m[38;2;34;139;34m PASSED[0m[38;2;100;149;237m 16ms[0m
[38;2;128;128;128m[0m
  [38;2;250;235;215mres://test/ui/test_character_ui_tooltip.gd[0m[38;2;128;128;128m > [0m[38;2;250;235;215mtest_emergency_heal_tooltip[0m[38;2;34;139;34m STARTED[0m[38;2;128;128;128m[0m
  [38;2;250;235;215mres://test/ui/test_character_ui_tooltip.gd[0m[38;2;128;128;128m > [0m[38;2;250;235;215mtest_emergency_heal_tooltip[0m[38;2;34;139;34m PASSED[0m[38;2;100;149;237m 15ms[0m
[38;2;128;128;128m[0m
  [38;2;250;235;215mres://test/ui/test_character_ui_tooltip.gd[0m[38;2;128;128;128m > [0m[38;2;250;235;215mtest_energy_shield_tooltip[0m[38;2;34;139;34m STARTED[0m[38;2;128;128;128m[0m
  [38;2;250;235;215mres://test/ui/test_character_ui_tooltip.gd[0m[38;2;128;128;128m > [0m[38;2;250;235;215mtest_energy_shield_tooltip[0m[38;2;34;139;34m PASSED[0m[38;2;100;149;237m 15ms[0m
[38;2;128;128;128m[0m
  [38;2;250;235;215mres://test/ui/test_character_ui_tooltip.gd[0m[38;2;128;128;128m > [0m[38;2;250;235;215mtest_homing_tooltip[0m[38;2;34;139;34m STARTED[0m[38;2;128;128;128m[0m
  [38;2;250;235;215mres://test/ui/test_character_ui_tooltip.gd[0m[38;2;128;128;128m > [0m[38;2;250;235;215mtest_homing_tooltip[0m[38;2;34;139;34m PASSED[0m[38;2;100;149;237m 16ms[0m
[38;2;128;128;128m[0m
  [38;2;250;235;215mres://test/ui/test_character_ui_tooltip.gd[0m[38;2;128;128;128m > [0m[38;2;250;235;215mtest_homing_rocket_tooltip[0m[38;2;34;139;34m STARTED[0m[38;2;128;128;128m[0m
  [38;2;250;235;215mres://test/ui/test_character_ui_tooltip.gd[0m[38;2;128;128;128m > [0m[38;2;250;235;215mtest_homing_rocket_tooltip[0m[38;2;34;139;34m PASSED[0m[38;2;100;149;237m 17ms[0m
[38;2;128;128;128m[0m
  [38;2;250;235;215mres://test/ui/test_character_ui_tooltip.gd[0m[38;2;128;128;128m > [0m[38;2;250;235;215mtest_homing_rocket_from_target_tooltip[0m[38;2;34;139;34m STARTED[0m[38;2;128;128;128m[0m
  [38;2;250;235;215mres://test/ui/test_character_ui_tooltip.gd[0m[38;2;128;128;128m > [0m[38;2;250;235;215mtest_homing_rocket_from_target_tooltip[0m[38;2;34;139;34m PASSED[0m[38;2;100;149;237m 16ms[0m
[38;2;128;128;128m[0m
  [38;2;250;235;215mres://test/ui/test_character_ui_tooltip.gd[0m[38;2;128;128;128m > [0m[38;2;250;235;215mtest_knockback_tooltip[0m[38;2;34;139;34m STARTED[0m[38;2;128;128;128m[0m
  [38;2;250;235;215mres://test/ui/test_character_ui_tooltip.gd[0m[38;2;128;128;128m > [0m[38;2;250;235;215mtest_knockback_tooltip[0m[38;2;34;139;34m PASSED[0m[38;2;100;149;237m 16ms[0m
[38;2;128;128;128m[0m
  [38;2;250;235;215mres://test/ui/test_character_ui_tooltip.gd[0m[38;2;128;128;128m > [0m[38;2;250;235;215mtest_life_on_kill_tooltip[0m[38;2;34;139;34m STARTED[0m[38;2;128;128;128m[0m
  [38;2;250;235;215mres://test/ui/test_character_ui_tooltip.gd[0m[38;2;128;128;128m > [0m[38;2;250;235;215mtest_life_on_kill_tooltip[0m[38;2;34;139;34m PASSED[0m[38;2;100;149;237m 15ms[0m
[38;2;128;128;128m[0m
  [38;2;250;235;215mres://test/ui/test_character_ui_tooltip.gd[0m[38;2;128;128;128m > [0m[38;2;250;235;215mtest_high_health_bonus_tooltip[0m[38;2;34;139;34m STARTED[0m[38;2;128;128;128m[0m
  [38;2;250;235;215mres://test/ui/test_character_ui_tooltip.gd[0m[38;2;128;128;128m > [0m[38;2;250;235;215mtest_high_health_bonus_tooltip[0m[38;2;34;139;34m PASSED[0m[38;2;100;149;237m 15ms[0m
[38;2;128;128;128m[0m
  [38;2;250;235;215mres://test/ui/test_character_ui_tooltip.gd[0m[38;2;128;128;128m > [0m[38;2;250;235;215mtest_reflect_tooltip[0m[38;2;34;139;34m STARTED[0m[38;2;128;128;128m[0m
  [38;2;250;235;215mres://test/ui/test_character_ui_tooltip.gd[0m[38;2;128;128;128m > [0m[38;2;250;235;215mtest_reflect_tooltip[0m[38;2;34;139;34m PASSED[0m[38;2;100;149;237m 17ms[0m
[38;2;128;128;128m[0m
  [38;2;250;235;215mres://test/ui/test_character_ui_tooltip.gd[0m[38;2;128;128;128m > [0m[38;2;250;235;215mtest_spread_tooltip[0m[38;2;34;139;34m STARTED[0m[38;2;128;128;128m[0m
  [38;2;250;235;215mres://test/ui/test_character_ui_tooltip.gd[0m[38;2;128;128;128m > [0m[38;2;250;235;215mtest_spread_tooltip[0m[38;2;34;139;34m PASSED[0m[38;2;100;149;237m 16ms[0m
[38;2;128;128;128m[0m
  [38;2;250;235;215mres://test/ui/test_character_ui_tooltip.gd[0m[38;2;128;128;128m > [0m[38;2;250;235;215mtest_stat_multiplier_tooltip[0m[38;2;34;139;34m STARTED[0m[38;2;128;128;128m[0m
  [38;2;250;235;215mres://test/ui/test_character_ui_tooltip.gd[0m[38;2;128;128;128m > [0m[38;2;250;235;215mtest_stat_multiplier_tooltip[0m[38;2;34;139;34m PASSED[0m[38;2;100;149;237m 16ms[0m
[38;2;128;128;128m[0m
  [38;2;250;235;215mres://test/ui/test_character_ui_tooltip.gd[0m[38;2;128;128;128m > [0m[38;2;250;235;215mtest_every_modifier_scene_has_readable_effect_line[0m[38;2;34;139;34m STARTED[0m[38;2;128;128;128m[0m
  [38;2;250;235;215mres://test/ui/test_character_ui_tooltip.gd[0m[38;2;128;128;128m > [0m[38;2;250;235;215mtest_every_modifier_scene_has_readable_effect_line[0m[38;2;34;139;34m PASSED[0m[38;2;100;149;237m 24ms[0m
[38;2;128;128;128m[0m
  [38;2;250;235;215mres://test/ui/test_character_ui_tooltip.gd[0m[38;2;128;128;128m > [0m[38;2;250;235;215mtest_buff_item_tooltip_lines_via_builder[0m[38;2;34;139;34m STARTED[0m[38;2;128;128;128m[0m
  [38;2;250;235;215mres://test/ui/test_character_ui_tooltip.gd[0m[38;2;128;128;128m > [0m[38;2;250;235;215mtest_buff_item_tooltip_lines_via_builder[0m[38;2;34;139;34m PASSED[0m[38;2;100;149;237m 17ms[0m
[38;2;128;128;128m[0m
  [38;2;250;235;215mres://test/ui/test_character_ui_tooltip.gd[0m[38;2;128;128;128m > [0m[38;2;250;235;215mtest_debuff_item_tooltip_lines_via_builder[0m[38;2;34;139;34m STARTED[0m[38;2;128;128;128m[0m
  [38;2;250;235;215mres://test/ui/test_character_ui_tooltip.gd[0m[38;2;128;128;128m > [0m[38;2;250;235;215mtest_debuff_item_tooltip_lines_via_builder[0m[38;2;34;139;34m PASSED[0m[38;2;100;149;237m 16ms[0m
[38;2;128;128;128m[0m
  [38;2;250;235;215mres://test/ui/test_character_ui_tooltip.gd[0m[38;2;128;128;128m > [0m[38;2;250;235;215mtest_humanize_trigger_strips_on_prefix[0m[38;2;34;139;34m STARTED[0m[38;2;128;128;128m[0m
  [38;2;250;235;215mres://test/ui/test_character_ui_tooltip.gd[0m[38;2;128;128;128m > [0m[38;2;250;235;215mtest_humanize_trigger_strips_on_prefix[0m[38;2;34;139;34m PASSED[0m[38;2;100;149;237m 16ms[0m
[38;2;128;128;128m[0m
  [38;2;250;235;215mres://test/ui/test_character_ui_tooltip.gd[0m[38;2;128;128;128m > [0m[38;2;250;235;215mtest_effect_trigger_has_no_doubled_on[0m[38;2;34;139;34m STARTED[0m[38;2;128;128;128m[0m
  [38;2;250;235;215mres://test/ui/test_character_ui_tooltip.gd[0m[38;2;128;128;128m > [0m[38;2;250;235;215mtest_effect_trigger_has_no_doubled_on[0m[38;2;34;139;34m PASSED[0m[38;2;100;149;237m 16ms[0m
[38;2;128;128;128m[0m
  [38;2;250;235;215mres://test/ui/test_character_ui_tooltip.gd[0m[38;2;128;128;128m > [0m[38;2;250;235;215mtest_stale_when_triggered_flavor_is_rewritten[0m[38;2;34;139;34m STARTED[0m[38;2;128;128;128m[0m
  [38;2;250;235;215mres://test/ui/test_character_ui_tooltip.gd[0m[38;2;128;128;128m > [0m[38;2;250;235;215mtest_stale_when_triggered_flavor_is_rewritten[0m[38;2;34;139;34m PASSED[0m[38;2;100;149;237m 17ms[0m
[38;2;128;128;128m[0m
  [38;2;250;235;215mres://test/ui/test_character_ui_tooltip.gd[0m[38;2;128;128;128m > [0m[38;2;250;235;215mtest_hover_shows_and_hides_tooltip[0m[38;2;34;139;34m STARTED[0m[38;2;128;128;128m[0m
  [38;2;250;235;215mres://test/ui/test_character_ui_tooltip.gd[0m[38;2;128;128;128m > [0m[38;2;250;235;215mtest_hover_shows_and_hides_tooltip[0m[38;2;34;139;34m PASSED[0m[38;2;100;149;237m 25ms[0m
[38;2;128;128;128m[0m
  [38;2;250;235;215mres://test/ui/test_character_ui_tooltip.gd[0m[38;2;128;128;128m > [0m[38;2;250;235;215mtest_tooltip_ui_bind_to_row[0m[38;2;34;139;34m STARTED[0m[38;2;128;128;128m[0m
  [38;2;250;235;215mres://test/ui/test_character_ui_tooltip.gd[0m[38;2;128;128;128m > [0m[38;2;250;235;215mtest_tooltip_ui_bind_to_row[0m[38;2;34;139;34m PASSED[0m[38;2;100;149;237m 17ms[0m
[38;2;128;128;128m[0m
  [38;2;250;235;215mres://test/ui/test_character_ui_tooltip.gd[0m[38;2;128;128;128m > [0m[38;2;250;235;215mtest_shop_menu_character_info_tooltips[0m[38;2;34;139;34m STARTED[0m[38;2;128;128;128m[0m
  [38;2;250;235;215mres://test/ui/test_character_ui_tooltip.gd[0m[38;2;128;128;128m > [0m[38;2;250;235;215mtest_shop_menu_character_info_tooltips[0m[38;2;34;139;34m PASSED[0m[38;2;100;149;237m 20ms[0m
[38;2;128;128;128m[0m
  [38;2;250;235;215mres://test/ui/test_character_ui_tooltip.gd[0m[38;2;128;128;128m > [0m[38;2;250;235;215mtest_freeing_character_clears_global[0m[38;2;34;139;34m STARTED[0m[38;2;128;128;128m[0m
  [38;2;250;235;215mres://test/ui/test_character_ui_tooltip.gd[0m[38;2;128;128;128m > [0m[38;2;250;235;215mtest_freeing_character_clears_global[0m[38;2;34;139;34m PASSED[0m[38;2;100;149;237m 22ms[0m
[38;2;128;128;128m[0m
[38;2;30;144;255mStatistics:[0m[38;2;128;128;128m 37 test cases | 0 errors | 0 failures | 0 flaky | 0 skipped | 0 orphans |[0m[38;2;34;139;34m PASSED[0m[38;2;100;149;237m 1s 300ms[0m
[38;2;128;128;128m[0m
[38;2;128;128;128m[0m
[38;2;30;144;255mOverall Summary:[0m[38;2;255;255;255m 125 test cases | 0 errors | 0 failures | 0 flaky | 0 skipped | 0 orphans |[0m
[38;2;233;150;122mExecuted test suites: (28/28)[0m
[38;2;233;150;122mExecuted test cases : (125/125)[0m
[38;2;233;150;122mTotal execution time: 12s 904ms[0m
[38;2;255;255;255m [0m[38;2;100;149;237mOpen XML Report at: file://F:/programs/Godot projects/Broriskoftarainto/Broriskoftarainto/reports/report_4/results.xml[0m
[38;2;100;149;237mOpen HTML Report at: file://F:/programs/Godot projects/Broriskoftarainto/Broriskoftarainto/reports/report_4/index.html[0m
[38;2;233;150;122mExit code: 0[0m
Run dispose test resources
